{
  "oracle": {
    "pure_pl": {
      "mean": 3.575766086578369,
      "std": 0.0,
      "errors": [
        3.575766086578369
      ],
      "n_valid": 1,
      "vs_oracle": 1.0
    },
    "pure_nn": {
      "mean": 30.632326126098633,
      "std": 0.0,
      "errors": [
        30.632326126098633
      ],
      "n_valid": 1,
      "vs_oracle": 1.0
    },
    "apbm": {
      "mean": 17.005416870117188,
      "std": 0.0,
      "errors": [
        17.005416870117188
      ],
      "n_valid": 1,
      "vs_oracle": 1.0
    }
  },
  "predicted": {
    "pure_pl": {
      "mean": 20.61806297302246,
      "std": 0.0,
      "errors": [
        20.61806297302246
      ],
      "n_valid": 1,
      "vs_oracle": 5.766054734511947
    },
    "pure_nn": {
      "mean": 32.74861145019531,
      "std": 0.0,
      "errors": [
        32.74861145019531
      ],
      "n_valid": 1,
      "vs_oracle": 1.0690866673129864
    },
    "apbm": {
      "mean": 41.610984802246094,
      "std": 0.0,
      "errors": [
        41.610984802246094
      ],
      "n_valid": 1,
      "vs_oracle": 2.4469253015118437
    }
  },
  "noisy_2dB": {
    "pure_pl": {
      "mean": 3.789184331893921,
      "std": 0.0,
      "errors": [
        3.789184331893921
      ],
      "n_valid": 1,
      "vs_oracle": 1.0596846214624096
    },
    "pure_nn": {
      "mean": 34.08686447143555,
      "std": 0.0,
      "errors": [
        34.08686447143555
      ],
      "n_valid": 1,
      "vs_oracle": 1.1127742741806885
    },
    "apbm": {
      "mean": 26.268003463745117,
      "std": 0.0,
      "errors": [
        26.268003463745117
      ],
      "n_valid": 1,
      "vs_oracle": 1.5446844769741948
    }
  },
  "noisy_5dB": {
    "pure_pl": {
      "mean": 6.314063549041748,
      "std": 0.0,
      "errors": [
        6.314063549041748
      ],
      "n_valid": 1,
      "vs_oracle": 1.7657932303630186
    },
    "pure_nn": {
      "mean": 33.24526596069336,
      "std": 0.0,
      "errors": [
        33.24526596069336
      ],
      "n_valid": 1,
      "vs_oracle": 1.0853000788721856
    },
    "apbm": {
      "mean": 25.407835006713867,
      "std": 0.0,
      "errors": [
        25.407835006713867
      ],
      "n_valid": 1,
      "vs_oracle": 1.4941024498706557
    }
  },
  "noisy_10dB": {
    "pure_pl": {
      "mean": 16.589950561523438,
      "std": 0.0,
      "errors": [
        16.589950561523438
      ],
      "n_valid": 1,
      "vs_oracle": 4.6395514023676725
    },
    "pure_nn": {
      "mean": 30.78278160095215,
      "std": 0.0,
      "errors": [
        30.78278160095215
      ],
      "n_valid": 1,
      "vs_oracle": 1.0049116568632157
    },
    "apbm": {
      "mean": 28.143566131591797,
      "std": 0.0,
      "errors": [
        28.143566131591797
      ],
      "n_valid": 1,
      "vs_oracle": 1.6549765493280644
    }
  },
  "shuffled": {
    "pure_pl": {
      "mean": 35.030235290527344,
      "std": 0.0,
      "errors": [
        35.030235290527344
      ],
      "n_valid": 1,
      "vs_oracle": 9.796567908066823
    },
    "pure_nn": {
      "mean": 26.200197219848633,
      "std": 0.0,
      "errors": [
        26.200197219848633
      ],
      "n_valid": 1,
      "vs_oracle": 0.8553120357884333
    },
    "apbm": {
      "mean": 29.44192123413086,
      "std": 0.0,
      "errors": [
        29.44192123413086
      ],
      "n_valid": 1,
      "vs_oracle": 1.731326050928381
    }
  },
  "constant": {
    "pure_pl": {
      "mean": 41.006446838378906,
      "std": 0.0,
      "errors": [
        41.006446838378906
      ],
      "n_valid": 1,
      "vs_oracle": 11.467877329083835
    },
    "pure_nn": {
      "mean": 26.28629493713379,
      "std": 0.0,
      "errors": [
        26.28629493713379
      ],
      "n_valid": 1,
      "vs_oracle": 0.8581227174497192
    },
    "apbm": {
      "mean": 38.03409194946289,
      "std": 0.0,
      "errors": [
        38.03409194946289
      ],
      "n_valid": 1,
      "vs_oracle": 2.2365868617016025
    }
  },
  "_metadata": {
    "model_types": [
      "pure_pl",
      "pure_nn",
      "apbm"
    ],
    "n_trials": 1,
    "environment": "open_sky",
    "gamma_est": 2.008838664211409,
    "P0_est": -29.681127688192795,
    "r2": 0.7070058911943063,
    "theta_true": [
      19.034832000732422,
      19.11885643005371
    ],
    "theta_init": [
      -11.927763938903809,
      5.149240016937256
    ],
    "n_samples": 736,
    "conditions": [
      "oracle",
      "predicted",
      "noisy_2dB",
      "noisy_5dB",
      "noisy_10dB",
      "shuffled",
      "constant"
    ]
  }
}