{
  "stage1_rssi": {
    "mae": 3.0256598028586734,
    "rmse": 4.535834011935363,
    "r2": 0.9805780215168386
  },
  "stage2_localization": {
    "centralized_error_m": 13.402522087097168,
    "centralized_position": [
      12.033646583557129,
      -6.022499084472656
    ]
  }
}