{
  "stage1_rssi": {
    "mae": 3.0256598028586734,
    "rmse": 4.535834011935363,
    "r2": 0.9805780215168386
  },
  "stage2_localization": {
    "centralized_error_m": 11.286418914794922,
    "centralized_position": [
      9.93429946899414,
      -5.445204734802246
    ],
    "federated": {
      "fedavg": {
        "loc_err_m": 11.3075532913208,
        "position": [
          9.803085327148438,
          -5.704903602600098
        ]
      },
      "fedprox": {
        "loc_err_m": 11.488652229309082,
        "position": [
          10.052623748779297,
          -5.6427412033081055
        ]
      },
      "scaffold": {
        "loc_err_m": 10.779781341552734,
        "position": [
          9.346612930297852,
          -5.4395976066589355
        ]
      }
    }
  }
}