{
  "stage1_rssi": {
    "mae": 3.0256598028586734,
    "rmse": 4.535834011935363,
    "r2": 0.9805780215168386
  },
  "stage2_localization": {
    "centralized_error_m": 10.984769821166992,
    "centralized_position": [
      9.700662612915039,
      -5.246758460998535
    ],
    "federated": {
      "fedavg": {
        "loc_err_m": 11.311274528503418,
        "position": [
          9.833651542663574,
          -5.6622748374938965
        ]
      },
      "fedprox": {
        "loc_err_m": 11.185192108154297,
        "position": [
          9.641828536987305,
          -5.732126712799072
        ]
      },
      "scaffold": {
        "loc_err_m": 10.744027137756348,
        "position": [
          9.280550003051758,
          -5.477935314178467
        ]
      }
    }
  }
}