{
  "stage1_rssi": {
    "mae": 3.0256598028586734,
    "rmse": 4.535834011935363,
    "r2": 0.9805780215168386
  },
  "stage2_localization": {
    "centralized_error_m": 11.286418914794922,
    "centralized_position": [
      9.93429946899414,
      -5.445204734802246
    ],
    "federated": {
      "fedavg": {
        "loc_err_m": 10.41164779663086,
        "position": [
          8.655868530273438,
          -5.813112258911133
        ]
      },
      "fedprox": {
        "loc_err_m": 10.588492393493652,
        "position": [
          8.881874084472656,
          -5.799290180206299
        ]
      },
      "scaffold": {
        "loc_err_m": 9.721160888671875,
        "position": [
          8.339160919189453,
          -5.05169677734375
        ]
      }
    }
  }
}