{
  "stage1_rssi": {
    "mae": 3.0256598028586734,
    "rmse": 4.535834011935363,
    "r2": 0.9805780215168386
  },
  "stage2_localization": {
    "centralized_error_m": 10.984769821166992,
    "centralized_position": [
      9.700662612915039,
      -5.246758460998535
    ],
    "federated": {
      "fedavg": {
        "loc_err_m": 10.519936561584473,
        "position": [
          8.834562301635742,
          -5.747200965881348
        ]
      },
      "fedprox": {
        "loc_err_m": 10.51297378540039,
        "position": [
          8.792389869689941,
          -5.795582294464111
        ]
      },
      "scaffold": {
        "loc_err_m": 9.873238563537598,
        "position": [
          8.470599174499512,
          -5.128514289855957
        ]
      }
    }
  }
}