{
  "stage1_rssi": {
    "mae": 3.0256598028586734,
    "rmse": 4.535834011935363,
    "r2": 0.9805780215168386
  },
  "stage2_localization": {
    "centralized_error_m": 10.878654479980469,
    "centralized_position": [
      9.393925666809082,
      -5.55054235458374
    ],
    "federated": {
      "fedavg": {
        "loc_err_m": 11.716791152954102,
        "position": [
          9.612956047058105,
          -6.716317653656006
        ]
      },
      "fedprox": {
        "loc_err_m": 11.665168762207031,
        "position": [
          9.571489334106445,
          -6.685571193695068
        ]
      },
      "scaffold": {
        "loc_err_m": 10.57601261138916,
        "position": [
          9.136465072631836,
          -5.391445636749268
        ]
      }
    }
  }
}