{
  "stage1_rssi": {
    "mae": 2.4650807599123365,
    "rmse": 8.108107870867537,
    "r2": 0.9379390816130379
  },
  "stage2_localization": {
    "centralized_error_m": 10.874218940734863,
    "centralized_position": [
      9.104347229003906,
      -4.753693580627441
    ],
    "federated": {
      "fedavg": {
        "loc_err_m": 12.967567443847656,
        "position": [
          11.291962623596191,
          -5.156567096710205
        ]
      },
      "fedprox": {
        "loc_err_m": 13.11660385131836,
        "position": [
          11.327415466308594,
          -5.400737285614014
        ]
      },
      "scaffold": {
        "loc_err_m": 10.604484558105469,
        "position": [
          8.87060546875,
          -4.61870813369751
        ]
      }
    }
  }
}