{
  "stage1_rssi": {
    "mae": 3.0256598028586734,
    "rmse": 4.535834011935363,
    "r2": 0.9805780215168386
  },
  "stage2_localization": {
    "centralized_error_m": 10.878654479980469,
    "centralized_position": [
      9.393925666809082,
      -5.55054235458374
    ],
    "federated": {
      "fedavg": {
        "loc_err_m": 11.849451065063477,
        "position": [
          9.550293922424316,
          -7.0191826820373535
        ]
      },
      "fedprox": {
        "loc_err_m": 11.25849723815918,
        "position": [
          9.235872268676758,
          -6.455470561981201
        ]
      },
      "scaffold": {
        "loc_err_m": 10.139015197753906,
        "position": [
          7.876824378967285,
          -6.365602016448975
        ]
      }
    }
  }
}