{
  "lab_wired": {
    "pure_nn": {
      "mean": 4.825106143951416,
      "std": 4.161300182342529,
      "ci_95": 3.647540432340065,
      "name": "Pure NN"
    },
    "pure_pl": {
      "mean": 0.26460087299346924,
      "std": 0.0882343202829361,
      "ci_95": 0.07734079173564436,
      "name": "Pure PL"
    },
    "apbm": {
      "mean": 0.21422450244426727,
      "std": 0.12041059881448746,
      "ci_95": 0.10554454339097462,
      "name": "APBM"
    }
  }
}