{
  "suburban": {
    "pure_nn": {
      "mean": 4.263649940490723,
      "std": 2.7347724437713623,
      "ci_95": 2.397133738208267,
      "name": "Pure NN"
    },
    "pure_pl": {
      "mean": 1.3056812286376953,
      "std": 0.7012531161308289,
      "ci_95": 0.6146754577440183,
      "name": "Pure PL"
    },
    "apbm": {
      "mean": 1.315564751625061,
      "std": 0.6965548396110535,
      "ci_95": 0.6105572367992973,
      "name": "APBM"
    }
  }
}