{
  "oracle": {
    "mean": 0.3458694101185509,
    "std": 3.8301807374517967e-07,
    "description": "Ground Truth RSSI",
    "vs_oracle": 1.0
  },
  "noisy_2dB": {
    "mean": 0.5769201852367022,
    "std": 0.2583122281829311,
    "description": "GT + 2dB noise",
    "vs_oracle": 1.6680289391275045
  },
  "noisy_5dB": {
    "mean": 1.0687958935875672,
    "std": 0.6803900185245504,
    "description": "GT + 5dB noise",
    "vs_oracle": 3.090171788309422
  },
  "noisy_10dB": {
    "mean": 1.706769919142078,
    "std": 1.0332215098457007,
    "description": "GT + 10dB noise",
    "vs_oracle": 4.934723537872465
  },
  "shuffled": {
    "mean": 25.02371262405473,
    "std": 2.472963115965994,
    "description": "Shuffled (Random Permutation)",
    "vs_oracle": 72.35017579460859
  },
  "constant": {
    "mean": 23.356520176945047,
    "std": 3.6797957334213883e-06,
    "description": "Constant (Mean RSSI)",
    "vs_oracle": 67.52988120267509
  },
  "predicted": {
    "mean": 0.9385412801677898,
    "std": 6.846827993827064e-07,
    "description": "Stage 1 Predictions",
    "vs_oracle": 2.713571228649835
  }
}