{
  "stage1_rssi": {
    "mae": 4.764868262431089,
    "rmse": 6.382785370904276,
    "r2": 0.6410844034055689
  },
  "stage2_localization": {
    "centralized_error_m": 0.7515692114830017,
    "centralized_position": [
      -6.230624675750732,
      -3.014838695526123
    ],
    "federated": {
      "fedavg": {
        "loc_err_m": 2.329599380493164,
        "position": [
          -7.193304538726807,
          -5.439457416534424
        ]
      },
      "fedprox": {
        "loc_err_m": 2.541889190673828,
        "position": [
          -7.1558051109313965,
          -5.655564785003662
        ]
      },
      "scaffold": {
        "loc_err_m": 1.0170589685440063,
        "position": [
          -6.7463250160217285,
          -4.1111979484558105
        ]
      }
    }
  }
}