{
  "stage1_rssi": {
    "mae": 4.764868262431089,
    "rmse": 6.382785370904276,
    "r2": 0.6410844034055689
  },
  "stage2_localization": {
    "centralized_error_m": 0.7515692114830017,
    "centralized_position": [
      -6.230624675750732,
      -3.014838695526123
    ],
    "federated": {
      "fedavg": {
        "loc_err_m": 2.7544643878936768,
        "position": [
          -7.536384582519531,
          -5.816734313964844
        ]
      },
      "fedprox": {
        "loc_err_m": 2.6034092903137207,
        "position": [
          -7.401193141937256,
          -5.688380718231201
        ]
      },
      "scaffold": {
        "loc_err_m": 1.0488581657409668,
        "position": [
          -6.853524684906006,
          -4.161954879760742
        ]
      }
    }
  }
}