{
  "stage1_rssi": {
    "mae": 2.8622546623388367,
    "rmse": 3.8356248156487784,
    "r2": 0.9805478660438071
  },
  "stage2_localization": {
    "centralized_error_m": 0.9387378692626953,
    "centralized_position": [
      -1.1168854236602783,
      -3.465243101119995
    ],
    "federated": {
      "fedavg": {
        "loc_err_m": 1.987723708152771,
        "position": [
          -0.6504066586494446,
          -4.6991143226623535
        ]
      },
      "fedprox": {
        "loc_err_m": 2.0608155727386475,
        "position": [
          -0.6982873678207397,
          -4.769495964050293
        ]
      },
      "scaffold": {
        "loc_err_m": 0.9316521883010864,
        "position": [
          -0.5319746732711792,
          -3.6450953483581543
        ]
      }
    }
  }
}