{
  "stage1_rssi": {
    "mae": 4.764868262431089,
    "rmse": 6.382785370904276,
    "r2": 0.6410844034055689
  },
  "stage2_localization": {
    "centralized_error_m": 0.7515692114830017,
    "centralized_position": [
      -6.230624675750732,
      -3.014838695526123
    ],
    "federated": {
      "fedavg": {
        "loc_err_m": 1.7885018587112427,
        "position": [
          -5.680486679077148,
          -1.885812520980835
        ]
      },
      "fedprox": {
        "loc_err_m": 1.926676630973816,
        "position": [
          -5.762588977813721,
          -1.6225745677947998
        ]
      },
      "scaffold": {
        "loc_err_m": 1.3184841871261597,
        "position": [
          -5.959884166717529,
          -2.278474807739258
        ]
      }
    }
  }
}