{
  "oracle": {
    "pure_pl": {
      "mean": 0.2629941403865814,
      "std": 0.0,
      "errors": [
        0.2629941403865814
      ]
    },
    "pure_nn": {
      "mean": 11.617644309997559,
      "std": 0.0,
      "errors": [
        11.617644309997559
      ]
    },
    "apbm": {
      "mean": 1.1904901266098022,
      "std": 0.0,
      "errors": [
        1.1904901266098022
      ]
    }
  },
  "predicted": {
    "pure_pl": {
      "mean": 2.283107280731201,
      "std": 0.0,
      "errors": [
        2.283107280731201
      ]
    },
    "pure_nn": {
      "mean": 20.021461486816406,
      "std": 0.0,
      "errors": [
        20.021461486816406
      ]
    },
    "apbm": {
      "mean": 7.09206485748291,
      "std": 0.0,
      "errors": [
        7.09206485748291
      ]
    }
  },
  "noisy_2dB": {
    "pure_pl": {
      "mean": 2.71990704536438,
      "std": 0.0,
      "errors": [
        2.71990704536438
      ]
    },
    "pure_nn": {
      "mean": 36.84499740600586,
      "std": 0.0,
      "errors": [
        36.84499740600586
      ]
    },
    "apbm": {
      "mean": 4.602344512939453,
      "std": 0.0,
      "errors": [
        4.602344512939453
      ]
    }
  },
  "noisy_5dB": {
    "pure_pl": {
      "mean": 0.48407986760139465,
      "std": 0.0,
      "errors": [
        0.48407986760139465
      ]
    },
    "pure_nn": {
      "mean": 11.335237503051758,
      "std": 0.0,
      "errors": [
        11.335237503051758
      ]
    },
    "apbm": {
      "mean": 5.270857810974121,
      "std": 0.0,
      "errors": [
        5.270857810974121
      ]
    }
  },
  "noisy_10dB": {
    "pure_pl": {
      "mean": 2.8910863399505615,
      "std": 0.0,
      "errors": [
        2.8910863399505615
      ]
    },
    "pure_nn": {
      "mean": 11.36369514465332,
      "std": 0.0,
      "errors": [
        11.36369514465332
      ]
    },
    "apbm": {
      "mean": 7.393000602722168,
      "std": 0.0,
      "errors": [
        7.393000602722168
      ]
    }
  },
  "shuffled": {
    "pure_pl": {
      "mean": 50.862606048583984,
      "std": 0.0,
      "errors": [
        50.862606048583984
      ]
    },
    "pure_nn": {
      "mean": 11.399426460266113,
      "std": 0.0,
      "errors": [
        11.399426460266113
      ]
    },
    "apbm": {
      "mean": 7.617453098297119,
      "std": 0.0,
      "errors": [
        7.617453098297119
      ]
    }
  },
  "constant": {
    "pure_pl": {
      "mean": 27.495737075805664,
      "std": 0.0,
      "errors": [
        27.495737075805664
      ]
    },
    "pure_nn": {
      "mean": 11.731283187866211,
      "std": 0.0,
      "errors": [
        11.731283187866211
      ]
    },
    "apbm": {
      "mean": 12.072786331176758,
      "std": 0.0,
      "errors": [
        12.072786331176758
      ]
    }
  }
}