{
  "urban": {
    "pure_nn": {
      "mean": 14.276700019836426,
      "std": 2.586848497390747,
      "ci_95": 2.2674726823622877,
      "name": "Pure NN"
    },
    "pure_pl_oracle": {
      "mean": 0.1698869913816452,
      "std": 0.08535630255937576,
      "ci_95": 0.07481809797367496,
      "name": "Pure PL (oracle)"
    },
    "pure_pl_joint": {
      "mean": 0.18142351508140564,
      "std": 0.05652409419417381,
      "ci_95": 0.04954555305803134,
      "name": "Pure PL (joint)"
    },
    "apbm": {
      "mean": 0.14633941650390625,
      "std": 0.09332657605409622,
      "ci_95": 0.08180435072039118,
      "name": "APBM"
    }
  }
}