{
  "urban": {
    "pure_nn": {
      "mean": 58.434776306152344,
      "std": 0.0,
      "ci_95": 0.0,
      "name": "Pure NN"
    },
    "pure_pl": {
      "mean": 11.50780200958252,
      "std": 0.0,
      "ci_95": 0.0,
      "name": "Pure PL"
    },
    "apbm": {
      "mean": 0.7575621604919434,
      "std": 0.0,
      "ci_95": 0.0,
      "name": "APBM"
    }
  }
}