{
  "stage1_rssi": {
    "mae": 0.9768823961974707,
    "rmse": 1.259184830358384,
    "r2": 0.9475852417519116
  },
  "stage2_localization": {
    "centralized_error_m": 6.166099548339844,
    "centralized_position": [
      1.573779582977295,
      -5.961879253387451
    ],
    "federated": {
      "fedavg": {
        "loc_err_m": 3.695801019668579,
        "position": [
          2.8490686416625977,
          -2.354092836380005
        ]
      },
      "fedprox": {
        "loc_err_m": 3.797410249710083,
        "position": [
          2.9321839809417725,
          -2.413010835647583
        ]
      },
      "scaffold": {
        "loc_err_m": 0.34562793374061584,
        "position": [
          0.2776862382888794,
          -0.2057887613773346
        ]
      }
    }
  }
}