{
  "lab_wired": {
    "pure_nn": {
      "mean": 2.5142905712127686,
      "std": 2.8135883808135986,
      "ci_95": 2.4662189530394865,
      "name": "Pure NN"
    },
    "pure_pl": {
      "mean": 0.13170616328716278,
      "std": 0.0622796006500721,
      "ci_95": 0.054590476900719706,
      "name": "Pure PL"
    },
    "apbm": {
      "mean": 0.09101785719394684,
      "std": 0.037431325763463974,
      "ci_95": 0.0328100036468575,
      "name": "APBM"
    }
  }
}