{
  "oracle": {
    "pure_pl": {
      "mean": 0.9632053375244141,
      "std": 0.0,
      "errors": [
        0.9632053375244141
      ],
      "n_valid": 1,
      "vs_oracle": 1.0
    },
    "pure_nn": {
      "mean": 13.065715789794922,
      "std": 0.0,
      "errors": [
        13.065715789794922
      ],
      "n_valid": 1,
      "vs_oracle": 1.0
    },
    "apbm": {
      "mean": 21.608598709106445,
      "std": 0.0,
      "errors": [
        21.608598709106445
      ],
      "n_valid": 1,
      "vs_oracle": 1.0
    }
  },
  "predicted": {
    "pure_pl": {
      "mean": 7.357748985290527,
      "std": 0.0,
      "errors": [
        7.357748985290527
      ],
      "n_valid": 1,
      "vs_oracle": 7.638816666237621
    },
    "pure_nn": {
      "mean": 23.476041793823242,
      "std": 0.0,
      "errors": [
        23.476041793823242
      ],
      "n_valid": 1,
      "vs_oracle": 1.7967666044105586
    },
    "apbm": {
      "mean": 23.313535690307617,
      "std": 0.0,
      "errors": [
        23.313535690307617
      ],
      "n_valid": 1,
      "vs_oracle": 1.078900858133048
    }
  },
  "noisy_2dB": {
    "pure_pl": {
      "mean": 3.603947401046753,
      "std": 0.0,
      "errors": [
        3.603947401046753
      ],
      "n_valid": 1,
      "vs_oracle": 3.741619009617879
    },
    "pure_nn": {
      "mean": 13.065713882446289,
      "std": 0.0,
      "errors": [
        13.065713882446289
      ],
      "n_valid": 1,
      "vs_oracle": 0.9999998540188182
    },
    "apbm": {
      "mean": 22.396080017089844,
      "std": 0.0,
      "errors": [
        22.396080017089844
      ],
      "n_valid": 1,
      "vs_oracle": 1.036442960442943
    }
  },
  "noisy_5dB": {
    "pure_pl": {
      "mean": 10.41153335571289,
      "std": 0.0,
      "errors": [
        10.41153335571289
      ],
      "n_valid": 1,
      "vs_oracle": 10.80925629261164
    },
    "pure_nn": {
      "mean": 15.293929100036621,
      "std": 0.0,
      "errors": [
        15.293929100036621
      ],
      "n_valid": 1,
      "vs_oracle": 1.17053893916643
    },
    "apbm": {
      "mean": 22.325422286987305,
      "std": 0.0,
      "errors": [
        22.325422286987305
      ],
      "n_valid": 1,
      "vs_oracle": 1.0331730709395224
    }
  },
  "noisy_10dB": {
    "pure_pl": {
      "mean": 13.174857139587402,
      "std": 0.0,
      "errors": [
        13.174857139587402
      ],
      "n_valid": 1,
      "vs_oracle": 13.678139672116863
    },
    "pure_nn": {
      "mean": 13.06587028503418,
      "std": 0.0,
      "errors": [
        13.06587028503418
      ],
      "n_valid": 1,
      "vs_oracle": 1.0000118244757306
    },
    "apbm": {
      "mean": 22.123044967651367,
      "std": 0.0,
      "errors": [
        22.123044967651367
      ],
      "n_valid": 1,
      "vs_oracle": 1.0238074789332878
    }
  },
  "shuffled": {
    "pure_pl": {
      "mean": 22.530338287353516,
      "std": 0.0,
      "errors": [
        22.530338287353516
      ],
      "n_valid": 1,
      "vs_oracle": 23.391002322786075
    },
    "pure_nn": {
      "mean": 12.28532886505127,
      "std": 0.0,
      "errors": [
        12.28532886505127
      ],
      "n_valid": 1,
      "vs_oracle": 0.940272164395832
    },
    "apbm": {
      "mean": 25.196348190307617,
      "std": 0.0,
      "errors": [
        25.196348190307617
      ],
      "n_valid": 1,
      "vs_oracle": 1.1660334170437991
    }
  },
  "constant": {
    "pure_pl": {
      "mean": 21.84612274169922,
      "std": 0.0,
      "errors": [
        21.84612274169922
      ],
      "n_valid": 1,
      "vs_oracle": 22.680649588017353
    },
    "pure_nn": {
      "mean": 12.496777534484863,
      "std": 0.0,
      "errors": [
        12.496777534484863
      ],
      "n_valid": 1,
      "vs_oracle": 0.9564556382165887
    },
    "apbm": {
      "mean": 26.716163635253906,
      "std": 0.0,
      "errors": [
        26.716163635253906
      ],
      "n_valid": 1,
      "vs_oracle": 1.2363672441191198
    }
  },
  "_metadata": {
    "model_types": [
      "pure_pl",
      "pure_nn",
      "apbm"
    ],
    "n_trials": 1,
    "environment": "suburban",
    "gamma_est": 2.9175247325860916,
    "P0_est": -29.48556222992746,
    "r2": 0.6661361465762929,
    "theta_true": [
      -24.37378692626953,
      22.93840217590332
    ],
    "theta_init": [
      -15.935138702392578,
      12.73062801361084
    ],
    "n_samples": 719,
    "conditions": [
      "oracle",
      "predicted",
      "noisy_2dB",
      "noisy_5dB",
      "noisy_10dB",
      "shuffled",
      "constant"
    ]
  }
}