{
  "stage1_rssi": {
    "mae": 3.2857797113027267,
    "rmse": 4.604718798682205,
    "r2": 0.9566874209674556
  },
  "stage2_localization": {
    "centralized_error_m": 2.1362977027893066,
    "centralized_position": [
      -0.15813466906547546,
      -3.7259366512298584
    ],
    "federated": {
      "fedavg": {
        "loc_err_m": 1.7051055431365967,
        "position": [
          -0.4833557903766632,
          -3.40767765045166
        ]
      },
      "fedprox": {
        "loc_err_m": 1.6757078170776367,
        "position": [
          -0.48749351501464844,
          -3.340642213821411
        ]
      },
      "scaffold": {
        "loc_err_m": 1.805453896522522,
        "position": [
          -0.2703497111797333,
          -3.0466179847717285
        ]
      }
    }
  }
}