{
  "suburban": {
    "pure_nn": {
      "mean": 16.59954071044922,
      "std": 4.6018595695495605,
      "ci_95": 4.033707761604929,
      "name": "Pure NN"
    },
    "pure_pl_oracle": {
      "mean": 2.87005352973938,
      "std": 1.894518256187439,
      "ci_95": 1.660618469336194,
      "name": "Pure PL (oracle)"
    },
    "pure_pl_joint": {
      "mean": 5.77992582321167,
      "std": 0.8435759544372559,
      "ci_95": 0.73942692589594,
      "name": "Pure PL (joint)"
    },
    "apbm": {
      "mean": 3.201185703277588,
      "std": 1.735021948814392,
      "ci_95": 1.5208137918412312,
      "name": "APBM"
    }
  }
}