{
  "stage1_rssi": {
    "mae": 2.5852683018332847,
    "rmse": 3.2271268559241495,
    "r2": 0.8700637826506518
  },
  "stage2_localization": {
    "centralized_error_m": 0.9019219875335693,
    "centralized_position": [
      -6.448217868804932,
      -3.852381944656372
    ],
    "federated": {
      "fedavg": {
        "loc_err_m": 2.046684741973877,
        "position": [
          -5.367594242095947,
          -1.852901816368103
        ]
      },
      "fedprox": {
        "loc_err_m": 2.1099789142608643,
        "position": [
          -5.370704174041748,
          -1.7493833303451538
        ]
      },
      "scaffold": {
        "loc_err_m": 2.3096818923950195,
        "position": [
          -8.9739351272583,
          -1.9634027481079102
        ]
      }
    }
  }
}