{
  "stage1_rssi": {
    "mae": 3.4916756225912056,
    "rmse": 5.043637582772506,
    "r2": 0.6826153717089165
  },
  "stage2_localization": {
    "centralized_error_m": 2.2738540172576904,
    "centralized_position": [
      -1.1907985210418701,
      -1.113240122795105
    ],
    "federated": {
      "fedavg": {
        "loc_err_m": 2.2463316917419434,
        "position": [
          -1.264200210571289,
          -1.0643153190612793
        ]
      },
      "fedprox": {
        "loc_err_m": 2.2300918102264404,
        "position": [
          -1.2718507051467896,
          -1.0806514024734497
        ]
      },
      "scaffold": {
        "loc_err_m": 2.110241413116455,
        "position": [
          -1.5204544067382812,
          -0.9843041300773621
        ]
      }
    }
  }
}