{
  "stage1_rssi": {
    "mae": 2.5852683018332847,
    "rmse": 3.2271268559241495,
    "r2": 0.8700637826506518
  },
  "stage2_localization": {
    "centralized_error_m": 0.9019219875335693,
    "centralized_position": [
      -6.448217868804932,
      -3.852381944656372
    ],
    "federated": {
      "fedavg": {
        "loc_err_m": 2.250308036804199,
        "position": [
          -5.134048938751221,
          -1.8256845474243164
        ]
      },
      "fedprox": {
        "loc_err_m": 2.2034385204315186,
        "position": [
          -5.192972660064697,
          -1.8238669633865356
        ]
      },
      "scaffold": {
        "loc_err_m": 2.1091535091400146,
        "position": [
          -5.491711616516113,
          -1.6204527616500854
        ]
      }
    }
  }
}