{
  "stage1_rssi": {
    "mae": 3.4916756225912056,
    "rmse": 5.043637582772506,
    "r2": 0.6826153717089165
  },
  "stage2_localization": {
    "centralized_error_m": 3.454843282699585,
    "centralized_position": [
      -0.04096756502985954,
      -0.7090708017349243
    ],
    "federated": {
      "fedavg": {
        "loc_err_m": 1.8149597644805908,
        "position": [
          -2.1410279273986816,
          -0.8879410624504089
        ]
      },
      "fedprox": {
        "loc_err_m": 1.8847541809082031,
        "position": [
          -2.1839351654052734,
          -0.7875622510910034
        ]
      },
      "scaffold": {
        "loc_err_m": 3.304016590118408,
        "position": [
          -0.31253233551979065,
          -0.569054901599884
        ]
      }
    }
  }
}