{
  "stage1_rssi": {
    "mae": 0.9768823961974707,
    "rmse": 1.259184830358384,
    "r2": 0.9475852417519116
  },
  "stage2_localization": {
    "centralized_error_m": 6.166099548339844,
    "centralized_position": [
      1.573779582977295,
      -5.961879253387451
    ],
    "federated": {
      "fedavg": {
        "loc_err_m": 6.84674596786499,
        "position": [
          -4.619135856628418,
          -5.053861618041992
        ]
      },
      "fedprox": {
        "loc_err_m": 7.499901294708252,
        "position": [
          -5.232788562774658,
          -5.372750282287598
        ]
      },
      "scaffold": {
        "loc_err_m": 1.002194881439209,
        "position": [
          -0.7749487161636353,
          -0.635491132736206
        ]
      }
    }
  }
}