{
  "oracle": {
    "pure_pl": {
      "mean": 0.4213698208332062,
      "std": 0.0,
      "errors": [
        0.4213698208332062
      ]
    },
    "pure_nn": {
      "mean": 11.753621101379395,
      "std": 0.0,
      "errors": [
        11.753621101379395
      ]
    },
    "apbm": {
      "mean": 0.9821000695228577,
      "std": 0.0,
      "errors": [
        0.9821000695228577
      ]
    }
  },
  "predicted": {
    "pure_pl": {
      "mean": 0.5507814288139343,
      "std": 0.0,
      "errors": [
        0.5507814288139343
      ]
    },
    "pure_nn": {
      "mean": 11.918249130249023,
      "std": 0.0,
      "errors": [
        11.918249130249023
      ]
    },
    "apbm": {
      "mean": 0.8461207747459412,
      "std": 0.0,
      "errors": [
        0.8461207747459412
      ]
    }
  },
  "noisy_2dB": {
    "pure_pl": {
      "mean": 0.6639245748519897,
      "std": 0.0,
      "errors": [
        0.6639245748519897
      ]
    },
    "pure_nn": {
      "mean": 11.07150936126709,
      "std": 0.0,
      "errors": [
        11.07150936126709
      ]
    },
    "apbm": {
      "mean": 0.8106750249862671,
      "std": 0.0,
      "errors": [
        0.8106750249862671
      ]
    }
  },
  "noisy_5dB": {
    "pure_pl": {
      "mean": 0.7691429257392883,
      "std": 0.0,
      "errors": [
        0.7691429257392883
      ]
    },
    "pure_nn": {
      "mean": 13.043315887451172,
      "std": 0.0,
      "errors": [
        13.043315887451172
      ]
    },
    "apbm": {
      "mean": 0.5702348351478577,
      "std": 0.0,
      "errors": [
        0.5702348351478577
      ]
    }
  },
  "noisy_10dB": {
    "pure_pl": {
      "mean": 5.659713268280029,
      "std": 0.0,
      "errors": [
        5.659713268280029
      ]
    },
    "pure_nn": {
      "mean": 10.970355987548828,
      "std": 0.0,
      "errors": [
        10.970355987548828
      ]
    },
    "apbm": {
      "mean": 1.5434749126434326,
      "std": 0.0,
      "errors": [
        1.5434749126434326
      ]
    }
  },
  "shuffled": {
    "pure_pl": {
      "mean": 13.267284393310547,
      "std": 0.0,
      "errors": [
        13.267284393310547
      ]
    },
    "pure_nn": {
      "mean": 4.995355129241943,
      "std": 0.0,
      "errors": [
        4.995355129241943
      ]
    },
    "apbm": {
      "mean": 7.772121906280518,
      "std": 0.0,
      "errors": [
        7.772121906280518
      ]
    }
  },
  "constant": {
    "pure_pl": {
      "mean": 36.07111358642578,
      "std": 0.0,
      "errors": [
        36.07111358642578
      ]
    },
    "pure_nn": {
      "mean": 5.891742706298828,
      "std": 0.0,
      "errors": [
        5.891742706298828
      ]
    },
    "apbm": {
      "mean": 7.933019638061523,
      "std": 0.0,
      "errors": [
        7.933019638061523
      ]
    }
  }
}