{
  "oracle": {
    "pure_pl": {
      "mean": 0.0,
      "std": 0.0,
      "errors": [
        0.0,
        0.0,
        0.0,
        0.0,
        0.0
      ],
      "n_valid": 5,
      "vs_oracle": Infinity
    },
    "pure_nn": {
      "mean": 0.07882195562124253,
      "std": 0.03935923834656358,
      "errors": [
        0.12974821031093597,
        0.10723315924406052,
        0.08306217193603516,
        0.0574595108628273,
        0.016606725752353668
      ],
      "n_valid": 5,
      "vs_oracle": 1.0
    },
    "apbm": {
      "mean": 6.852249622344971,
      "std": 0.0,
      "errors": [
        6.852249622344971,
        6.852249622344971,
        6.852249622344971,
        6.852249622344971,
        6.852249622344971
      ],
      "n_valid": 5,
      "vs_oracle": 1.0
    }
  },
  "predicted": {
    "pure_pl": {
      "mean": 0.0,
      "std": 0.0,
      "errors": [
        0.0,
        0.0,
        0.0,
        0.0,
        0.0
      ],
      "n_valid": 5,
      "vs_oracle": Infinity
    },
    "pure_nn": {
      "mean": 0.07881143540143967,
      "std": 0.03935468577293903,
      "errors": [
        0.129696324467659,
        0.10739094763994217,
        0.08285011351108551,
        0.05749519541859627,
        0.01662459596991539
      ],
      "n_valid": 5,
      "vs_oracle": 0.9998665318600644
    },
    "apbm": {
      "mean": 8.83103084564209,
      "std": 0.0,
      "errors": [
        8.83103084564209,
        8.83103084564209,
        8.83103084564209,
        8.83103084564209,
        8.83103084564209
      ],
      "n_valid": 5,
      "vs_oracle": 1.2887783330082394
    }
  },
  "noisy_2dB": {
    "pure_pl": {
      "mean": 0.0,
      "std": 0.0,
      "errors": [
        0.0,
        0.0,
        0.0,
        0.0,
        0.0
      ],
      "n_valid": 5,
      "vs_oracle": Infinity
    },
    "pure_nn": {
      "mean": 0.07000287659466267,
      "std": 0.03128696866954837,
      "errors": [
        0.0843367651104927,
        0.1087070181965828,
        0.08322155475616455,
        0.05713769048452377,
        0.016611354425549507
      ],
      "n_valid": 5,
      "vs_oracle": 0.8881139276858653
    },
    "apbm": {
      "mean": 7.786769962310791,
      "std": 0.7956949991286969,
      "errors": [
        6.9239654541015625,
        7.875368595123291,
        8.338285446166992,
        6.877231597900391,
        8.918998718261719
      ],
      "n_valid": 5,
      "vs_oracle": 1.1363815376658752
    }
  },
  "noisy_5dB": {
    "pure_pl": {
      "mean": 0.0,
      "std": 0.0,
      "errors": [
        0.0,
        0.0,
        0.0,
        0.0,
        0.0
      ],
      "n_valid": 5,
      "vs_oracle": Infinity
    },
    "pure_nn": {
      "mean": 0.051431425288319586,
      "std": 0.027673457557476768,
      "errors": [
        0.07888152450323105,
        0.022120077162981033,
        0.08262082189321518,
        0.05693650618195534,
        0.01659819670021534
      ],
      "n_valid": 5,
      "vs_oracle": 0.6525012591093187
    },
    "apbm": {
      "mean": 7.614599990844726,
      "std": 0.7599003325255335,
      "errors": [
        6.7256178855896,
        8.904350280761719,
        7.135976314544678,
        7.336205959320068,
        7.970849514007568
      ],
      "n_valid": 5,
      "vs_oracle": 1.1112554869591666
    }
  },
  "noisy_10dB": {
    "pure_pl": {
      "mean": 0.0,
      "std": 0.0,
      "errors": [
        0.0,
        0.0,
        0.0,
        0.0,
        0.0
      ],
      "n_valid": 5,
      "vs_oracle": Infinity
    },
    "pure_nn": {
      "mean": 0.053269414231181145,
      "std": 0.02547960588054107,
      "errors": [
        0.07829700410366058,
        0.031536538153886795,
        0.08220905065536499,
        0.057030923664569855,
        0.0172735545784235
      ],
      "n_valid": 5,
      "vs_oracle": 0.6758194948518257
    },
    "apbm": {
      "mean": 5.9607446670532225,
      "std": 1.146751120756214,
      "errors": [
        4.050767421722412,
        6.443049907684326,
        5.334838390350342,
        6.675918102264404,
        7.299149513244629
      ],
      "n_valid": 5,
      "vs_oracle": 0.8698960189096763
    }
  },
  "shuffled": {
    "pure_pl": {
      "mean": 0.0,
      "std": 0.0,
      "errors": [
        0.0,
        0.0,
        0.0,
        0.0,
        0.0
      ],
      "n_valid": 5,
      "vs_oracle": Infinity
    },
    "pure_nn": {
      "mean": 0.05149279311299324,
      "std": 0.02324196427428502,
      "errors": [
        0.07918550819158554,
        0.03422708064317703,
        0.06996405869722366,
        0.05798656493425369,
        0.016100753098726273
      ],
      "n_valid": 5,
      "vs_oracle": 0.6532798216835403
    },
    "apbm": {
      "mean": 6.46044692993164,
      "std": 0.9828298753744019,
      "errors": [
        7.178434371948242,
        5.413159370422363,
        7.458982467651367,
        7.124939918518066,
        5.126718521118164
      ],
      "n_valid": 5,
      "vs_oracle": 0.9428213048258379
    }
  },
  "constant": {
    "pure_pl": {
      "mean": 0.0,
      "std": 0.0,
      "errors": [
        0.0,
        0.0,
        0.0,
        0.0,
        0.0
      ],
      "n_valid": 5,
      "vs_oracle": Infinity
    },
    "pure_nn": {
      "mean": 0.06176894940435886,
      "std": 0.024156567925690344,
      "errors": [
        0.07920776307582855,
        0.07115141302347183,
        0.083555206656456,
        0.0583166666328907,
        0.01661369763314724
      ],
      "n_valid": 5,
      "vs_oracle": 0.7836515716658027
    },
    "apbm": {
      "mean": 26.48110008239746,
      "std": 0.0,
      "errors": [
        26.48110008239746,
        26.48110008239746,
        26.48110008239746,
        26.48110008239746,
        26.48110008239746
      ],
      "n_valid": 5,
      "vs_oracle": 3.8645848505056537
    }
  },
  "_metadata": {
    "model_types": [
      "pure_pl",
      "pure_nn",
      "apbm"
    ],
    "n_trials": 5,
    "environment": "lab_wired",
    "gamma_est": 2.0,
    "P0_est": -70.2055892944336,
    "r2": 0.0,
    "theta_true": [
      0.0,
      0.0
    ],
    "theta_init": [
      0.0,
      0.0
    ],
    "n_samples": 608,
    "conditions": [
      "oracle",
      "predicted",
      "noisy_2dB",
      "noisy_5dB",
      "noisy_10dB",
      "shuffled",
      "constant"
    ]
  }
}