{
  "lab_wired": {
    "pure_nn": {
      "mean": 1.4048694372177124,
      "std": 0.0,
      "ci_95": 0.0,
      "name": "Pure NN"
    },
    "pure_pl": {
      "mean": 3.5174474716186523,
      "std": 0.0,
      "ci_95": 0.0,
      "name": "Pure PL"
    },
    "apbm": {
      "mean": 11.407306671142578,
      "std": 0.0,
      "ci_95": 0.0,
      "name": "APBM"
    }
  }
}