{
  "open_sky": {
    "pure_nn": {
      "mean": 14.416264533996582,
      "std": 3.8748085498809814,
      "ci_95": 3.3964194443938536,
      "name": "Pure NN"
    },
    "pure_pl_oracle": {
      "mean": 2.5215978622436523,
      "std": 1.3791122436523438,
      "ci_95": 1.2088451803602862,
      "name": "Pure PL (oracle)"
    },
    "pure_pl_joint": {
      "mean": 5.695321083068848,
      "std": 0.3892526626586914,
      "ci_95": 0.34119500233803013,
      "name": "Pure PL (joint)"
    },
    "apbm": {
      "mean": 2.4030003547668457,
      "std": 1.3031495809555054,
      "ci_95": 1.142260970763815,
      "name": "APBM"
    }
  }
}