{
  "stage1_rssi": {
    "mae": 3.784911774780875,
    "rmse": 5.094964352129735,
    "r2": 0.9656776266135526
  },
  "stage2_localization": {
    "centralized_error_m": 0.836095929145813,
    "centralized_position": [
      -5.812074184417725,
      -6.64987325668335
    ],
    "federated": {
      "fedavg": {
        "loc_err_m": 1.0269839763641357,
        "position": [
          -5.283592224121094,
          -7.159348487854004
        ]
      },
      "fedprox": {
        "loc_err_m": 1.0032418966293335,
        "position": [
          -5.50282621383667,
          -7.079862594604492
        ]
      },
      "scaffold": {
        "loc_err_m": 2.3248636722564697,
        "position": [
          -5.309775352478027,
          -8.460555076599121
        ]
      }
    }
  }
}