{
  "stage1_rssi": {
    "mae": 2.8622546623388367,
    "rmse": 3.8356248156487784,
    "r2": 0.9805478660438071
  },
  "stage2_localization": {
    "centralized_error_m": 0.9387378692626953,
    "centralized_position": [
      -1.1168854236602783,
      -3.465243101119995
    ],
    "federated": {
      "fedavg": {
        "loc_err_m": 2.0769715309143066,
        "position": [
          -0.9167525768280029,
          -4.758824825286865
        ]
      },
      "fedprox": {
        "loc_err_m": 2.1438701152801514,
        "position": [
          -0.8547572493553162,
          -4.836432933807373
        ]
      },
      "scaffold": {
        "loc_err_m": 1.1512022018432617,
        "position": [
          -1.3027310371398926,
          -3.58847713470459
        ]
      }
    }
  }
}