{
  "stage1_rssi": {
    "mae": 2.8622546623388367,
    "rmse": 3.8356248156487784,
    "r2": 0.9805478660438071
  },
  "stage2_localization": {
    "centralized_error_m": 0.9387378692626953,
    "centralized_position": [
      -1.1168854236602783,
      -3.465243101119995
    ],
    "federated": {
      "fedavg": {
        "loc_err_m": 2.063910722732544,
        "position": [
          -0.9210224747657776,
          -4.744792938232422
        ]
      },
      "fedprox": {
        "loc_err_m": 2.0191359519958496,
        "position": [
          -0.7603066563606262,
          -4.722318172454834
        ]
      },
      "scaffold": {
        "loc_err_m": 2.3248209953308105,
        "position": [
          -0.7156854271888733,
          -5.032929420471191
        ]
      }
    }
  }
}