{
  "stage1_rssi": {
    "mae": 0.9768823961974707,
    "rmse": 1.259184830358384,
    "r2": 0.9475852417519116
  },
  "stage2_localization": {
    "centralized_error_m": 6.166099548339844,
    "centralized_position": [
      1.573779582977295,
      -5.961879253387451
    ],
    "federated": {
      "fedavg": {
        "loc_err_m": 5.378530025482178,
        "position": [
          4.565907955169678,
          -2.8427224159240723
        ]
      },
      "fedprox": {
        "loc_err_m": 4.866348743438721,
        "position": [
          4.261106014251709,
          -2.350388765335083
        ]
      },
      "scaffold": {
        "loc_err_m": 3.803778648376465,
        "position": [
          3.1543633937835693,
          -2.1257293224334717
        ]
      }
    }
  }
}