{
  "stage1_rssi": {
    "mae": 3.0256598028586734,
    "rmse": 4.535834011935363,
    "r2": 0.9805780215168386
  },
  "stage2_localization": {
    "centralized_error_m": 10.984769821166992,
    "centralized_position": [
      9.700662612915039,
      -5.246758460998535
    ],
    "federated": {
      "fedavg": {
        "loc_err_m": 12.182974815368652,
        "position": [
          10.594412803649902,
          -6.0890069007873535
        ]
      },
      "fedprox": {
        "loc_err_m": 11.817971229553223,
        "position": [
          10.289469718933105,
          -5.887949466705322
        ]
      },
      "scaffold": {
        "loc_err_m": 11.426239013671875,
        "position": [
          9.892044067382812,
          -5.786683082580566
        ]
      }
    }
  }
}