{
  "stage1_rssi": {
    "mae": 3.0256598028586734,
    "rmse": 4.535834011935363,
    "r2": 0.9805780215168386
  },
  "stage2_localization": {
    "centralized_error_m": 11.286418914794922,
    "centralized_position": [
      9.93429946899414,
      -5.445204734802246
    ],
    "federated": {
      "fedavg": {
        "loc_err_m": 11.785545349121094,
        "position": [
          10.159884452819824,
          -6.036103248596191
        ]
      },
      "fedprox": {
        "loc_err_m": 12.30327320098877,
        "position": [
          10.693865776062012,
          -6.156991958618164
        ]
      },
      "scaffold": {
        "loc_err_m": 11.374489784240723,
        "position": [
          9.841423034667969,
          -5.770101547241211
        ]
      }
    }
  }
}