{
  "open_sky": {
    "pure_nn": {
      "mean": 5.559226036071777,
      "std": 4.054931640625,
      "ci_95": 3.554304294680481,
      "name": "Pure NN"
    },
    "pure_pl": {
      "mean": 0.9962798953056335,
      "std": 0.569989025592804,
      "ci_95": 0.49961740940051574,
      "name": "Pure PL"
    },
    "apbm": {
      "mean": 0.9736088514328003,
      "std": 0.5610276460647583,
      "ci_95": 0.49176241391213676,
      "name": "APBM"
    }
  }
}