{
  "stage1_rssi": {
    "mae": 3.2857797113027267,
    "rmse": 4.604718798682205,
    "r2": 0.9566874209674556
  },
  "stage2_localization": {
    "centralized_error_m": 2.1362977027893066,
    "centralized_position": [
      -0.15813466906547546,
      -3.7259366512298584
    ],
    "federated": {
      "fedavg": {
        "loc_err_m": 1.720831274986267,
        "position": [
          -0.3768703043460846,
          -3.141106128692627
        ]
      },
      "fedprox": {
        "loc_err_m": 1.8075015544891357,
        "position": [
          -0.26586151123046875,
          -3.032804489135742
        ]
      },
      "scaffold": {
        "loc_err_m": 1.7103385925292969,
        "position": [
          -0.34585461020469666,
          -2.899555206298828
        ]
      }
    }
  }
}