{
  "stage1_rssi": {
    "mae": 3.2857797113027267,
    "rmse": 4.604718798682205,
    "r2": 0.9566874209674556
  },
  "stage2_localization": {
    "centralized_error_m": 2.1687562465667725,
    "centralized_position": [
      -0.1596536487340927,
      -3.7964248657226562
    ],
    "federated": {
      "fedavg": {
        "loc_err_m": 1.720831274986267,
        "position": [
          -0.3768703043460846,
          -3.141106128692627
        ]
      },
      "fedprox": {
        "loc_err_m": 1.8075015544891357,
        "position": [
          -0.26586151123046875,
          -3.032804489135742
        ]
      },
      "scaffold": {
        "loc_err_m": 1.8168901205062866,
        "position": [
          -0.2339005470275879,
          -2.8352761268615723
        ]
      }
    }
  }
}