{
  "stage1_rssi": {
    "mae": 2.5852683018332847,
    "rmse": 3.2271268559241495,
    "r2": 0.8700637826506518
  },
  "stage2_localization": {
    "centralized_error_m": 0.9019219875335693,
    "centralized_position": [
      -6.448217868804932,
      -3.852381944656372
    ],
    "federated": {
      "fedavg": {
        "loc_err_m": 1.9808686971664429,
        "position": [
          -5.419745922088623,
          -1.8930583000183105
        ]
      },
      "fedprox": {
        "loc_err_m": 1.9286469221115112,
        "position": [
          -5.522783279418945,
          -1.8507286310195923
        ]
      },
      "scaffold": {
        "loc_err_m": 2.3655827045440674,
        "position": [
          -9.214547157287598,
          -2.358924150466919
        ]
      }
    }
  }
}