{
  "stage1_rssi": {
    "mae": 2.7548932088452807,
    "rmse": 3.7518657462695173,
    "r2": 0.9813168039155962
  },
  "stage2_localization": {
    "centralized_error_m": 0.9050817489624023,
    "centralized_position": [
      -1.377648115158081,
      -2.3377115726470947
    ],
    "federated": {
      "fedavg": {
        "loc_err_m": 2.7975351810455322,
        "position": [
          -1.2454841136932373,
          -5.424534320831299
        ]
      },
      "fedprox": {
        "loc_err_m": 2.8309123516082764,
        "position": [
          -1.2720649242401123,
          -5.452136993408203
        ]
      },
      "scaffold": {
        "loc_err_m": 2.7184906005859375,
        "position": [
          -1.0669033527374268,
          -5.383449077606201
        ]
      }
    }
  }
}