{
  "stage1_rssi": {
    "mae": 2.7548932088452807,
    "rmse": 3.7518657462695173,
    "r2": 0.9813168039155962
  },
  "stage2_localization": {
    "centralized_error_m": 1.0635042190551758,
    "centralized_position": [
      -1.3093128204345703,
      -1.964650273323059
    ],
    "federated": {
      "fedavg": {
        "loc_err_m": 2.023528814315796,
        "position": [
          -0.5441181659698486,
          -4.737215042114258
        ]
      },
      "fedprox": {
        "loc_err_m": 1.2627884149551392,
        "position": [
          -0.24801340699195862,
          -3.938776969909668
        ]
      },
      "scaffold": {
        "loc_err_m": 1.4487022161483765,
        "position": [
          -0.4199337661266327,
          -4.156163692474365
        ]
      }
    }
  }
}