{
  "lab_wired": {
    "pure_nn": {
      "mean": 0.07882195562124253,
      "std": 0.03935923834656358,
      "ci_95": 0.04887094925164914,
      "name": "Pure NN"
    },
    "pure_pl": {
      "mean": 0.0,
      "std": 0.0,
      "ci_95": 0.0,
      "name": "Pure PL"
    },
    "apbm": {
      "mean": 6.852249622344971,
      "std": 0.0,
      "ci_95": 0.0,
      "name": "APBM"
    }
  }
}