{
  "stage1_rssi": {
    "mae": 2.7548932088452807,
    "rmse": 3.7518657462695173,
    "r2": 0.9813168039155962
  },
  "stage2_localization": {
    "centralized_error_m": 1.0010040998458862,
    "centralized_position": [
      -0.17469193041324615,
      -3.639918565750122
    ]
  }
}