{
  "stage1_rssi": {
    "mae": 2.7548932088452807,
    "rmse": 3.7518657462695173,
    "r2": 0.9813168039155962
  },
  "stage2_localization": {
    "centralized_error_m": 0.9050817489624023,
    "centralized_position": [
      -1.377648115158081,
      -2.3377115726470947
    ],
    "federated": {
      "fedavg": {
        "loc_err_m": 2.4155361652374268,
        "position": [
          -1.0441068410873413,
          -5.079080581665039
        ]
      },
      "fedprox": {
        "loc_err_m": 2.3919525146484375,
        "position": [
          -0.9914590120315552,
          -5.065389156341553
        ]
      },
      "scaffold": {
        "loc_err_m": 2.2729406356811523,
        "position": [
          -0.9621136784553528,
          -4.949779987335205
        ]
      }
    }
  }
}