{
  "stage1_rssi": {
    "mae": 3.0256598028586734,
    "rmse": 4.535834011935363,
    "r2": 0.9805780215168386
  },
  "stage2_localization": {
    "centralized_error_m": 10.984769821166992,
    "centralized_position": [
      9.700662612915039,
      -5.246758460998535
    ],
    "federated": {
      "fedavg": {
        "loc_err_m": 11.375229835510254,
        "position": [
          9.50753116607666,
          -6.277542591094971
        ]
      },
      "fedprox": {
        "loc_err_m": 11.233509063720703,
        "position": [
          9.318266868591309,
          -6.2997307777404785
        ]
      },
      "scaffold": {
        "loc_err_m": 10.016430854797363,
        "position": [
          8.395478248596191,
          -5.4967217445373535
        ]
      }
    }
  }
}