{
  "stage1_rssi": {
    "mae": 3.0256598028586734,
    "rmse": 4.535834011935363,
    "r2": 0.9805780215168386
  },
  "stage2_localization": {
    "centralized_error_m": 11.286418914794922,
    "centralized_position": [
      9.93429946899414,
      -5.445204734802246
    ],
    "federated": {
      "fedavg": {
        "loc_err_m": 11.125155448913574,
        "position": [
          9.217752456665039,
          -6.253962993621826
        ]
      },
      "fedprox": {
        "loc_err_m": 11.302990913391113,
        "position": [
          9.4664306640625,
          -6.210165977478027
        ]
      },
      "scaffold": {
        "loc_err_m": 10.034547805786133,
        "position": [
          8.445836067199707,
          -5.455913066864014
        ]
      }
    }
  }
}