{
  "stage1_rssi": {
    "mae": 2.7548932088452807,
    "rmse": 3.7518657462695173,
    "r2": 0.9813168039155962
  },
  "stage2_localization": {
    "centralized_error_m": 1.0635042190551758,
    "centralized_position": [
      -1.3093128204345703,
      -1.964650273323059
    ],
    "federated": {
      "fedavg": {
        "loc_err_m": 2.034080982208252,
        "position": [
          -0.7626076340675354,
          -4.737105369567871
        ]
      },
      "fedprox": {
        "loc_err_m": 2.0450360774993896,
        "position": [
          -0.7401446104049683,
          -4.7502923011779785
        ]
      },
      "scaffold": {
        "loc_err_m": 1.8475747108459473,
        "position": [
          -0.8846046924591064,
          -4.531533241271973
        ]
      }
    }
  }
}