{
  "open_sky": {
    "pure_nn": {
      "mean": 6.45893669128418,
      "std": 0.0,
      "ci_95": 0.0,
      "name": "Pure NN"
    },
    "pure_pl": {
      "mean": 5.194083213806152,
      "std": 0.0,
      "ci_95": 0.0,
      "name": "Pure PL"
    },
    "apbm": {
      "mean": 0.9890848994255066,
      "std": 0.0,
      "ci_95": 0.0,
      "name": "APBM"
    }
  }
}