{
  "stage1_rssi": {
    "mae": 3.2857797113027267,
    "rmse": 4.604718798682205,
    "r2": 0.9566874209674556
  },
  "stage2_localization": {
    "centralized_error_m": 2.1362977027893066,
    "centralized_position": [
      -0.15813466906547546,
      -3.7259366512298584
    ],
    "federated": {
      "fedavg": {
        "loc_err_m": 1.8736294507980347,
        "position": [
          -0.2526341378688812,
          -3.2661592960357666
        ]
      },
      "fedprox": {
        "loc_err_m": 1.8909094333648682,
        "position": [
          -0.25700244307518005,
          -3.336695909500122
        ]
      },
      "scaffold": {
        "loc_err_m": 1.8331435918807983,
        "position": [
          -0.2285698652267456,
          -2.9555423259735107
        ]
      }
    }
  }
}