{
  "oracle": {
    "pure_pl": {
      "mean": 0.5170171856880188,
      "std": 0.0,
      "errors": [
        0.5170171856880188
      ],
      "n_valid": 1,
      "vs_oracle": 1.0
    },
    "pure_nn": {
      "mean": 43.645965576171875,
      "std": 0.0,
      "errors": [
        43.645965576171875
      ],
      "n_valid": 1,
      "vs_oracle": 1.0
    },
    "apbm": {
      "mean": 0.463794082403183,
      "std": 0.0,
      "errors": [
        0.463794082403183
      ],
      "n_valid": 1,
      "vs_oracle": 1.0
    }
  },
  "predicted": {
    "pure_pl": {
      "mean": 0.6524314880371094,
      "std": 0.0,
      "errors": [
        0.6524314880371094
      ],
      "n_valid": 1,
      "vs_oracle": 1.2619145090291117
    },
    "pure_nn": {
      "mean": 60.02898406982422,
      "std": 0.0,
      "errors": [
        60.02898406982422
      ],
      "n_valid": 1,
      "vs_oracle": 1.375361577579498
    },
    "apbm": {
      "mean": 0.7575621604919434,
      "std": 0.0,
      "errors": [
        0.7575621604919434
      ],
      "n_valid": 1,
      "vs_oracle": 1.6334019540882876
    }
  },
  "noisy_2dB": {
    "pure_pl": {
      "mean": 0.5995685458183289,
      "std": 0.0,
      "errors": [
        0.5995685458183289
      ],
      "n_valid": 1,
      "vs_oracle": 1.1596685031281022
    },
    "pure_nn": {
      "mean": 47.66276931762695,
      "std": 0.0,
      "errors": [
        47.66276931762695
      ],
      "n_valid": 1,
      "vs_oracle": 1.0920315013868778
    },
    "apbm": {
      "mean": 0.4544772803783417,
      "std": 0.0,
      "errors": [
        0.4544772803783417
      ],
      "n_valid": 1,
      "vs_oracle": 0.9799117703775658
    }
  },
  "noisy_5dB": {
    "pure_pl": {
      "mean": 0.7982503175735474,
      "std": 0.0,
      "errors": [
        0.7982503175735474
      ],
      "n_valid": 1,
      "vs_oracle": 1.5439531599153296
    },
    "pure_nn": {
      "mean": 37.82149887084961,
      "std": 0.0,
      "errors": [
        37.82149887084961
      ],
      "n_valid": 1,
      "vs_oracle": 0.8665520024947717
    },
    "apbm": {
      "mean": 0.8479605913162231,
      "std": 0.0,
      "errors": [
        0.8479605913162231
      ],
      "n_valid": 1,
      "vs_oracle": 1.8283126574674116
    }
  },
  "noisy_10dB": {
    "pure_pl": {
      "mean": 0.9520606398582458,
      "std": 0.0,
      "errors": [
        0.9520606398582458
      ],
      "n_valid": 1,
      "vs_oracle": 1.8414487297773177
    },
    "pure_nn": {
      "mean": 13.455703735351562,
      "std": 0.0,
      "errors": [
        13.455703735351562
      ],
      "n_valid": 1,
      "vs_oracle": 0.3082920393150286
    },
    "apbm": {
      "mean": 1.361205816268921,
      "std": 0.0,
      "errors": [
        1.361205816268921
      ],
      "n_valid": 1,
      "vs_oracle": 2.934935713745491
    }
  },
  "shuffled": {
    "pure_pl": {
      "mean": 17.00623893737793,
      "std": 0.0,
      "errors": [
        17.00623893737793
      ],
      "n_valid": 1,
      "vs_oracle": 32.89298578101797
    },
    "pure_nn": {
      "mean": 1.2964906692504883,
      "std": 0.0,
      "errors": [
        1.2964906692504883
      ],
      "n_valid": 1,
      "vs_oracle": 0.02970470814737332
    },
    "apbm": {
      "mean": 6.599593162536621,
      "std": 0.0,
      "errors": [
        6.599593162536621
      ],
      "n_valid": 1,
      "vs_oracle": 14.229576040169263
    }
  },
  "constant": {
    "pure_pl": {
      "mean": 11.415094375610352,
      "std": 0.0,
      "errors": [
        11.415094375610352
      ],
      "n_valid": 1,
      "vs_oracle": 22.07875229605715
    },
    "pure_nn": {
      "mean": 6.7758660316467285,
      "std": 0.0,
      "errors": [
        6.7758660316467285
      ],
      "n_valid": 1,
      "vs_oracle": 0.15524610218145687
    },
    "apbm": {
      "mean": 17.333547592163086,
      "std": 0.0,
      "errors": [
        17.333547592163086
      ],
      "n_valid": 1,
      "vs_oracle": 37.37336945384909
    }
  },
  "_metadata": {
    "model_types": [
      "pure_pl",
      "pure_nn",
      "apbm"
    ],
    "n_trials": 1,
    "environment": "urban",
    "gamma_est": 3.5013333297094156,
    "P0_est": -35.08014993923315,
    "r2": 0.599999992588741,
    "theta_true": [
      -3.0049567222595215,
      -2.4840946197509766
    ],
    "theta_init": [
      -12.026517868041992,
      5.001996040344238
    ],
    "n_samples": 3232,
    "conditions": [
      "oracle",
      "predicted",
      "noisy_2dB",
      "noisy_5dB",
      "noisy_10dB",
      "shuffled",
      "constant"
    ]
  }
}