{
  "suburban": {
    "pure_nn": {
      "mean": 7.364042282104492,
      "std": 0.0,
      "ci_95": 0.0,
      "name": "Pure NN"
    },
    "pure_pl": {
      "mean": 5.59468936920166,
      "std": 0.0,
      "ci_95": 0.0,
      "name": "Pure PL"
    },
    "apbm": {
      "mean": 2.430198907852173,
      "std": 0.0,
      "ci_95": 0.0,
      "name": "APBM"
    }
  }
}