{
  "oracle": {
    "pure_pl": {
      "mean": 4.874536037445068,
      "std": 0.0,
      "errors": [
        4.874536037445068
      ],
      "n_valid": 1,
      "vs_oracle": 1.0
    },
    "pure_nn": {
      "mean": 6.460056304931641,
      "std": 0.0,
      "errors": [
        6.460056304931641
      ],
      "n_valid": 1,
      "vs_oracle": 1.0
    },
    "apbm": {
      "mean": 3.385050058364868,
      "std": 0.0,
      "errors": [
        3.385050058364868
      ],
      "n_valid": 1,
      "vs_oracle": 1.0
    }
  },
  "predicted": {
    "pure_pl": {
      "mean": 2.8034753799438477,
      "std": 0.0,
      "errors": [
        2.8034753799438477
      ],
      "n_valid": 1,
      "vs_oracle": 0.5751266086470984
    },
    "pure_nn": {
      "mean": 6.45988655090332,
      "std": 0.0,
      "errors": [
        6.45988655090332
      ],
      "n_valid": 1,
      "vs_oracle": 0.9999737225156705
    },
    "apbm": {
      "mean": 0.9890848994255066,
      "std": 0.0,
      "errors": [
        0.9890848994255066
      ],
      "n_valid": 1,
      "vs_oracle": 0.2921921042146358
    }
  },
  "noisy_2dB": {
    "pure_pl": {
      "mean": 1.4660285711288452,
      "std": 0.0,
      "errors": [
        1.4660285711288452
      ],
      "n_valid": 1,
      "vs_oracle": 0.3007524326145401
    },
    "pure_nn": {
      "mean": 6.460448741912842,
      "std": 0.0,
      "errors": [
        6.460448741912842
      ],
      "n_valid": 1,
      "vs_oracle": 1.0000607482292223
    },
    "apbm": {
      "mean": 3.0029869079589844,
      "std": 0.0,
      "errors": [
        3.0029869079589844
      ],
      "n_valid": 1,
      "vs_oracle": 0.8871322007597023
    }
  },
  "noisy_5dB": {
    "pure_pl": {
      "mean": 5.957373142242432,
      "std": 0.0,
      "errors": [
        5.957373142242432
      ],
      "n_valid": 1,
      "vs_oracle": 1.2221415733680614
    },
    "pure_nn": {
      "mean": 6.4598894119262695,
      "std": 0.0,
      "errors": [
        6.4598894119262695
      ],
      "n_valid": 1,
      "vs_oracle": 0.9999741653946199
    },
    "apbm": {
      "mean": 1.878464937210083,
      "std": 0.0,
      "errors": [
        1.878464937210083
      ],
      "n_valid": 1,
      "vs_oracle": 0.5549297365834129
    }
  },
  "noisy_10dB": {
    "pure_pl": {
      "mean": 8.338829040527344,
      "std": 0.0,
      "errors": [
        8.338829040527344
      ],
      "n_valid": 1,
      "vs_oracle": 1.7106918435868297
    },
    "pure_nn": {
      "mean": 6.451827526092529,
      "std": 0.0,
      "errors": [
        6.451827526092529
      ],
      "n_valid": 1,
      "vs_oracle": 0.9987262063284449
    },
    "apbm": {
      "mean": 2.380932569503784,
      "std": 0.0,
      "errors": [
        2.380932569503784
      ],
      "n_valid": 1,
      "vs_oracle": 0.7033670192321712
    }
  },
  "shuffled": {
    "pure_pl": {
      "mean": 1.6947824954986572,
      "std": 0.0,
      "errors": [
        1.6947824954986572
      ],
      "n_valid": 1,
      "vs_oracle": 0.34768078079220804
    },
    "pure_nn": {
      "mean": 6.460083484649658,
      "std": 0.0,
      "errors": [
        6.460083484649658
      ],
      "n_valid": 1,
      "vs_oracle": 1.000004207350019
    },
    "apbm": {
      "mean": 1.9243649244308472,
      "std": 0.0,
      "errors": [
        1.9243649244308472
      ],
      "n_valid": 1,
      "vs_oracle": 0.5684893550319909
    }
  },
  "constant": {
    "pure_pl": {
      "mean": 3.477713108062744,
      "std": 0.0,
      "errors": [
        3.477713108062744
      ],
      "n_valid": 1,
      "vs_oracle": 0.7134449476519917
    },
    "pure_nn": {
      "mean": 6.460000038146973,
      "std": 0.0,
      "errors": [
        6.460000038146973
      ],
      "n_valid": 1,
      "vs_oracle": 0.999991290047329
    },
    "apbm": {
      "mean": 2.786123275756836,
      "std": 0.0,
      "errors": [
        2.786123275756836
      ],
      "n_valid": 1,
      "vs_oracle": 0.8230670825301352
    }
  },
  "_asymmetric": {
    "oracle": {
      "pure_pl": {
        "mean": 3.575766086578369,
        "std": 0.0,
        "errors": [
          3.575766086578369
        ],
        "n_valid": 1,
        "vs_oracle": 1.0
      },
      "pure_nn": {
        "mean": 30.632326126098633,
        "std": 0.0,
        "errors": [
          30.632326126098633
        ],
        "n_valid": 1,
        "vs_oracle": 1.0
      },
      "apbm": {
        "mean": 17.005416870117188,
        "std": 0.0,
        "errors": [
          17.005416870117188
        ],
        "n_valid": 1,
        "vs_oracle": 1.0
      }
    },
    "predicted": {
      "pure_pl": {
        "mean": 20.61806297302246,
        "std": 0.0,
        "errors": [
          20.61806297302246
        ],
        "n_valid": 1,
        "vs_oracle": 5.766054734511947
      },
      "pure_nn": {
        "mean": 32.74861145019531,
        "std": 0.0,
        "errors": [
          32.74861145019531
        ],
        "n_valid": 1,
        "vs_oracle": 1.0690866673129864
      },
      "apbm": {
        "mean": 41.610984802246094,
        "std": 0.0,
        "errors": [
          41.610984802246094
        ],
        "n_valid": 1,
        "vs_oracle": 2.4469253015118437
      }
    },
    "noisy_2dB": {
      "pure_pl": {
        "mean": 3.789184331893921,
        "std": 0.0,
        "errors": [
          3.789184331893921
        ],
        "n_valid": 1,
        "vs_oracle": 1.0596846214624096
      },
      "pure_nn": {
        "mean": 34.08686447143555,
        "std": 0.0,
        "errors": [
          34.08686447143555
        ],
        "n_valid": 1,
        "vs_oracle": 1.1127742741806885
      },
      "apbm": {
        "mean": 26.268003463745117,
        "std": 0.0,
        "errors": [
          26.268003463745117
        ],
        "n_valid": 1,
        "vs_oracle": 1.5446844769741948
      }
    },
    "noisy_5dB": {
      "pure_pl": {
        "mean": 6.314063549041748,
        "std": 0.0,
        "errors": [
          6.314063549041748
        ],
        "n_valid": 1,
        "vs_oracle": 1.7657932303630186
      },
      "pure_nn": {
        "mean": 33.24526596069336,
        "std": 0.0,
        "errors": [
          33.24526596069336
        ],
        "n_valid": 1,
        "vs_oracle": 1.0853000788721856
      },
      "apbm": {
        "mean": 25.407835006713867,
        "std": 0.0,
        "errors": [
          25.407835006713867
        ],
        "n_valid": 1,
        "vs_oracle": 1.4941024498706557
      }
    },
    "noisy_10dB": {
      "pure_pl": {
        "mean": 16.589950561523438,
        "std": 0.0,
        "errors": [
          16.589950561523438
        ],
        "n_valid": 1,
        "vs_oracle": 4.6395514023676725
      },
      "pure_nn": {
        "mean": 30.78278160095215,
        "std": 0.0,
        "errors": [
          30.78278160095215
        ],
        "n_valid": 1,
        "vs_oracle": 1.0049116568632157
      },
      "apbm": {
        "mean": 28.143566131591797,
        "std": 0.0,
        "errors": [
          28.143566131591797
        ],
        "n_valid": 1,
        "vs_oracle": 1.6549765493280644
      }
    },
    "shuffled": {
      "pure_pl": {
        "mean": 35.030235290527344,
        "std": 0.0,
        "errors": [
          35.030235290527344
        ],
        "n_valid": 1,
        "vs_oracle": 9.796567908066823
      },
      "pure_nn": {
        "mean": 26.200197219848633,
        "std": 0.0,
        "errors": [
          26.200197219848633
        ],
        "n_valid": 1,
        "vs_oracle": 0.8553120357884333
      },
      "apbm": {
        "mean": 29.44192123413086,
        "std": 0.0,
        "errors": [
          29.44192123413086
        ],
        "n_valid": 1,
        "vs_oracle": 1.731326050928381
      }
    },
    "constant": {
      "pure_pl": {
        "mean": 41.006446838378906,
        "std": 0.0,
        "errors": [
          41.006446838378906
        ],
        "n_valid": 1,