{
  "pure_nn": {
    "mean": 9.593623828887939,
    "std": 2.0961239280660635,
    "errors": [
      6.044190883636475,
      12.491183280944824,
      10.49123764038086,
      9.733858108520508,
      9.207649230957031
    ]
  },
  "pure_pl": {
    "mean": 0.5186037003993988,
    "std": 0.09774509264215028,
    "errors": [
      0.5449691414833069,
      0.5256972312927246,
      0.3762747049331665,
      0.4709574282169342,
      0.6751199960708618
    ]
  },
  "apbm": {
    "mean": 0.4850597620010376,
    "std": 0.1588481285701872,
    "errors": [
      0.36451348662376404,
      0.7952569723129272,
      0.4250796139240265,
      0.3789626955986023,
      0.4614860415458679
    ]
  }
}