{
  "pure_nn": {
    "mean": 8.299578666687012,
    "std": 0.0,
    "errors": [
      8.299578666687012
    ]
  },
  "pure_pl": {
    "mean": 10.576199531555176,
    "std": 0.0,
    "errors": [
      10.576199531555176
    ]
  },
  "apbm": {
    "mean": 10.08309268951416,
    "std": 0.0,
    "errors": [
      10.08309268951416
    ]
  }
}