{
  "urban": {
    "pure_nn": {
      "mean": 4.147906303405762,
      "std": 2.7984232902526855,
      "ci_95": 2.452926165074863,
      "name": "Pure NN"
    },
    "pure_pl": {
      "mean": 0.08291109651327133,
      "std": 0.07095395028591156,
      "ci_95": 0.06219387959568404,
      "name": "Pure PL"
    },
    "apbm": {
      "mean": 0.057124488055706024,
      "std": 0.04706919193267822,
      "ci_95": 0.04125796582052165,
      "name": "APBM"
    }
  }
}