{
  "stage1_rssi": {
    "mae": 3.0256598028586734,
    "rmse": 4.535834011935363,
    "r2": 0.9805780215168386
  },
  "stage2_localization": {
    "centralized_error_m": 10.984769821166992,
    "centralized_position": [
      9.700662612915039,
      -5.246758460998535
    ],
    "federated": {
      "fedavg": {
        "loc_err_m": 11.977407455444336,
        "position": [
          10.497490882873535,
          -5.850772857666016
        ]
      },
      "fedprox": {
        "loc_err_m": 11.967718124389648,
        "position": [
          10.614401817321777,
          -5.628494739532471
        ]
      },
      "scaffold": {
        "loc_err_m": 11.032727241516113,
        "position": [
          9.545878410339355,
          -5.598169326782227
        ]
      }
    }
  }
}