{
  "stage1_rssi": {
    "mae": 3.0256598028586734,
    "rmse": 4.535834011935363,
    "r2": 0.9805780215168386
  },
  "stage2_localization": {
    "centralized_error_m": 11.77606201171875,
    "centralized_position": [
      10.313377380371094,
      -5.766550540924072
    ],
    "federated": {
      "fedavg": {
        "loc_err_m": 13.145007133483887,
        "position": [
          12.607121467590332,
          -4.055773735046387
        ]
      },
      "fedprox": {
        "loc_err_m": 11.754034996032715,
        "position": [
          10.093240737915039,
          -6.08243989944458
        ]
      },
      "scaffold": {
        "loc_err_m": 10.843644142150879,
        "position": [
          9.43174934387207,
          -5.423140048980713
        ]
      }
    }
  }
}