{
  "stage1_rssi": {
    "mae": 4.764868262431089,
    "rmse": 6.382785370904276,
    "r2": 0.6410844034055689
  },
  "stage2_localization": {
    "centralized_error_m": 0.7515692114830017,
    "centralized_position": [
      -6.230624675750732,
      -3.014838695526123
    ],
    "federated": {
      "fedavg": {
        "loc_err_m": 2.23842716217041,
        "position": [
          -5.140220642089844,
          -1.837577223777771
        ]
      },
      "fedprox": {
        "loc_err_m": 2.3224024772644043,
        "position": [
          -5.135978698730469,
          -1.7015540599822998
        ]
      },
      "scaffold": {
        "loc_err_m": 2.1828231811523438,
        "position": [
          -4.896596908569336,
          -2.452399730682373
        ]
      }
    }
  }
}