{
  "stage1_rssi": {
    "mae": 3.2857797113027267,
    "rmse": 4.604718798682205,
    "r2": 0.9566874209674556
  },
  "stage2_localization": {
    "centralized_error_m": 1.962524175643921,
    "centralized_position": [
      -0.16009417176246643,
      -3.266364336013794
    ],
    "federated": {
      "fedavg": {
        "loc_err_m": 1.7571388483047485,
        "position": [
          -0.3776715397834778,
          -3.2756810188293457
        ]
      },
      "fedprox": {
        "loc_err_m": 1.710444450378418,
        "position": [
          -0.5635836124420166,
          -3.5795912742614746
        ]
      },
      "scaffold": {
        "loc_err_m": 2.5512399673461914,
        "position": [
          -1.2025002241134644,
          -5.136449813842773
        ]
      }
    }
  }
}