{
  "stage1_rssi": {
    "mae": 0.9768823961974707,
    "rmse": 1.259184830358384,
    "r2": 0.9475852417519116
  },
  "stage2_localization": {
    "centralized_error_m": 6.166099548339844,
    "centralized_position": [
      1.573779582977295,
      -5.961879253387451
    ],
    "federated": {
      "fedavg": {
        "loc_err_m": 5.240137577056885,
        "position": [
          -2.306804895401001,
          -4.705070972442627
        ]
      },
      "fedprox": {
        "loc_err_m": 5.460338592529297,
        "position": [
          -3.061744451522827,
          -4.521174430847168
        ]
      },
      "scaffold": {
        "loc_err_m": 0.4221454858779907,
        "position": [
          -0.3265953063964844,
          -0.267473965883255
        ]
      }
    }
  }
}