{
  "open_sky": {
    "stage1": {
      "mae": 2.8622546623388367,
      "rmse": 3.8356248156487784,
      "r2": 0.9805478660438071
    },
    "stage2": {
      "centralized_error_m": 0.9387378692626953,
      "federated": {
        "fedavg": 1.987723708152771,
        "fedprox": 2.0608155727386475,
        "scaffold": 0.9316521883010864
      }
    }
  },
  "suburban": {
    "stage1": {
      "mae": 3.2857797113027267,
      "rmse": 4.604718798682205,
      "r2": 0.9566874209674556
    },
    "stage2": {
      "centralized_error_m": 1.962524175643921,
      "federated": {
        "fedavg": 1.7571388483047485,
        "fedprox": 1.710444450378418,
        "scaffold": 2.5512399673461914
      }
    }
  },
  "urban": {
    "stage1": {
      "mae": 2.5852683018332847,
      "rmse": 3.2271268559241495,
      "r2": 0.8700637826506518
    },
    "stage2": {
      "centralized_error_m": 0.9019219875335693,
      "federated": {
        "fedavg": 1.9808686971664429,
        "fedprox": 1.9286469221115112,
        "scaffold": 2.3655827045440674
      }
    }
  }
}