{
  "lab_wired": {
    "pure_nn": {
      "mean": 19.541297912597656,
      "std": 10.943281173706055,
      "ci_95": 9.592208875709765,
      "name": "Pure NN"
    },
    "pure_pl_oracle": {
      "mean": 0.3517545461654663,
      "std": 0.14190271496772766,
      "ci_95": 0.12438321380896944,
      "name": "Pure PL (oracle)"
    },
    "pure_pl_joint": {
      "mean": 0.3450894355773926,
      "std": 0.11609523743391037,
      "ci_95": 0.1017619623643511,
      "name": "Pure PL (joint)"
    },
    "apbm": {
      "mean": 0.26989153027534485,
      "std": 0.13384778797626495,
      "ci_95": 0.1173227590007397,
      "name": "APBM"
    }
  }
}