environment,centroid_error_m,rssi_r_squared,balance_score,spatial_extent_x_m,spatial_extent_y_m,mean_distance_m,samples,gamma_est
open_sky,0.8713799390382647,0.7000000000000007,98.72,589.655232165607,580.9946036675028,222.38909495558516,1250,2.0023790844241485
suburban,5.003805031971982,0.6439471743212573,98.45528455284553,482.8290493515024,487.6553583437085,185.15575396429227,1230,2.9072310717853935
urban,6.976115925373672,0.6000000000000298,95.8125124925045,519.8574154871089,519.1902395396542,152.70698684837768,5003,3.501333318641543
lab_wired,8.562205797229456,0.8853215146355821,99.03846153846155,333.833742654667,541.0956400878425,48.133609701156615,1248,2.231809815964677
