{
  "oracle": {
    "pure_pl": {
      "mean": 6.30068302154541,
      "std": 0.0,
      "errors": [
        6.30068302154541
      ],
      "n_valid": 1,
      "vs_oracle": 1.0
    },
    "pure_nn": {
      "mean": 7.365787029266357,
      "std": 0.0,
      "errors": [
        7.365787029266357
      ],
      "n_valid": 1,
      "vs_oracle": 1.0
    },
    "apbm": {
      "mean": 3.516939878463745,
      "std": 0.0,
      "errors": [
        3.516939878463745
      ],
      "n_valid": 1,
      "vs_oracle": 1.0
    }
  },
  "predicted": {
    "pure_pl": {
      "mean": 1.3708986043930054,
      "std": 0.0,
      "errors": [
        1.3708986043930054
      ],
      "n_valid": 1,
      "vs_oracle": 0.21757936396818706
    },
    "pure_nn": {
      "mean": 7.364935398101807,
      "std": 0.0,
      "errors": [
        7.364935398101807
      ],
      "n_valid": 1,
      "vs_oracle": 0.9998843801536527
    },
    "apbm": {
      "mean": 2.430198907852173,
      "std": 0.0,
      "errors": [
        2.430198907852173
      ],
      "n_valid": 1,
      "vs_oracle": 0.6909981381068482
    }
  },
  "noisy_2dB": {
    "pure_pl": {
      "mean": 6.2004475593566895,
      "std": 0.0,
      "errors": [
        6.2004475593566895
      ],
      "n_valid": 1,
      "vs_oracle": 0.9840913339322163
    },
    "pure_nn": {
      "mean": 7.36586332321167,
      "std": 0.0,
      "errors": [
        7.36586332321167
      ],
      "n_valid": 1,
      "vs_oracle": 1.0000103578809718
    },
    "apbm": {
      "mean": 1.4711072444915771,
      "std": 0.0,
      "errors": [
        1.4711072444915771
      ],
      "n_valid": 1,
      "vs_oracle": 0.41829183760007294
    }
  },
  "noisy_5dB": {
    "pure_pl": {
      "mean": 5.715329170227051,
      "std": 0.0,
      "errors": [
        5.715329170227051
      ],
      "n_valid": 1,
      "vs_oracle": 0.9070967624753188
    },
    "pure_nn": {
      "mean": 7.366447448730469,
      "std": 0.0,
      "errors": [
        7.366447448730469
      ],
      "n_valid": 1,
      "vs_oracle": 1.0000896604071619
    },
    "apbm": {
      "mean": 1.879541277885437,
      "std": 0.0,
      "errors": [
        1.879541277885437
      ],
      "n_valid": 1,
      "vs_oracle": 0.5344251942988717
    }
  },
  "noisy_10dB": {
    "pure_pl": {
      "mean": 4.364783763885498,
      "std": 0.0,
      "errors": [
        4.364783763885498
      ],
      "n_valid": 1,
      "vs_oracle": 0.6927477146461685
    },
    "pure_nn": {
      "mean": 7.366435527801514,
      "std": 0.0,
      "errors": [
        7.366435527801514
      ],
      "n_valid": 1,
      "vs_oracle": 1.00008804198826
    },
    "apbm": {
      "mean": 1.7272077798843384,
      "std": 0.0,
      "errors": [
        1.7272077798843384
      ],
      "n_valid": 1,
      "vs_oracle": 0.49111097703461737
    }
  },
  "shuffled": {
    "pure_pl": {
      "mean": 4.697601795196533,
      "std": 0.0,
      "errors": [
        4.697601795196533
      ],
      "n_valid": 1,
      "vs_oracle": 0.7455702467705353
    },
    "pure_nn": {
      "mean": 7.365034580230713,
      "std": 0.0,
      "errors": [
        7.365034580230713
      ],
      "n_valid": 1,
      "vs_oracle": 0.999897845398916
    },
    "apbm": {
      "mean": 3.1366212368011475,
      "std": 0.0,
      "errors": [
        3.1366212368011475
      ],
      "n_valid": 1,
      "vs_oracle": 0.8918609203439876
    }
  },
  "constant": {
    "pure_pl": {
      "mean": 5.103908538818359,
      "std": 0.0,
      "errors": [
        5.103908538818359
      ],
      "n_valid": 1,
      "vs_oracle": 0.8100563893414987
    },
    "pure_nn": {
      "mean": 7.364717483520508,
      "std": 0.0,
      "errors": [
        7.364717483520508
      ],
      "n_valid": 1,
      "vs_oracle": 0.9998547954561271
    },
    "apbm": {
      "mean": 3.6479380130767822,
      "std": 0.0,
      "errors": [
        3.6479380130767822
      ],
      "n_valid": 1,
      "vs_oracle": 1.0372477605930128
    }
  },
  "_asymmetric": {
    "oracle": {
      "pure_pl": {
        "mean": 0.9632053375244141,
        "std": 0.0,
        "errors": [
          0.9632053375244141
        ],
        "n_valid": 1,
        "vs_oracle": 1.0
      },
      "pure_nn": {
        "mean": 13.065715789794922,
        "std": 0.0,
        "errors": [
          13.065715789794922
        ],
        "n_valid": 1,
        "vs_oracle": 1.0
      },
      "apbm": {
        "mean": 21.608598709106445,
        "std": 0.0,
        "errors": [
          21.608598709106445
        ],
        "n_valid": 1,
        "vs_oracle": 1.0
      }
    },
    "predicted": {
      "pure_pl": {
        "mean": 7.357748985290527,
        "std": 0.0,
        "errors": [
          7.357748985290527
        ],
        "n_valid": 1,
        "vs_oracle": 7.638816666237621
      },
      "pure_nn": {
        "mean": 23.476041793823242,
        "std": 0.0,
        "errors": [
          23.476041793823242
        ],
        "n_valid": 1,
        "vs_oracle": 1.7967666044105586
      },
      "apbm": {
        "mean": 23.313535690307617,
        "std": 0.0,
        "errors": [
          23.313535690307617
        ],
        "n_valid": 1,
        "vs_oracle": 1.078900858133048
      }
    },
    "noisy_2dB": {
      "pure_pl": {
        "mean": 3.603947401046753,
        "std": 0.0,
        "errors": [
          3.603947401046753
        ],
        "n_valid": 1,
        "vs_oracle": 3.741619009617879
      },
      "pure_nn": {
        "mean": 13.065713882446289,
        "std": 0.0,
        "errors": [
          13.065713882446289
        ],
        "n_valid": 1,
        "vs_oracle": 0.9999998540188182
      },
      "apbm": {
        "mean": 22.396080017089844,
        "std": 0.0,
        "errors": [
          22.396080017089844
        ],
        "n_valid": 1,
        "vs_oracle": 1.036442960442943
      }
    },
    "noisy_5dB": {
      "pure_pl": {
        "mean": 10.41153335571289,
        "std": 0.0,
        "errors": [
          10.41153335571289
        ],
        "n_valid": 1,
        "vs_oracle": 10.80925629261164
      },
      "pure_nn": {
        "mean": 15.293929100036621,
        "std": 0.0,
        "errors": [
          15.293929100036621
        ],
        "n_valid": 1,
        "vs_oracle": 1.17053893916643
      },
      "apbm": {
        "mean": 22.325422286987305,
        "std": 0.0,
        "errors": [
          22.325422286987305
        ],
        "n_valid": 1,
        "vs_oracle": 1.0331730709395224
      }
    },
    "noisy_10dB": {
      "pure_pl": {
        "mean": 13.174857139587402,
        "std": 0.0,
        "errors": [
          13.174857139587402
        ],
        "n_valid": 1,
        "vs_oracle": 13.678139672116863
      },
      "pure_nn": {
        "mean": 13.06587028503418,
        "std": 0.0,
        "errors": [
          13.06587028503418
        ],
        "n_valid": 1,
        "vs_oracle": 1.0000118244757306
      },
      "apbm": {
        "mean": 22.123044967651367,
        "std": 0.0,
        "errors": [
          22.123044967651367
        ],
        "n_valid": 1,
        "vs_oracle": 1.0238074789332878
      }
    },
    "shuffled": {
      "pure_pl": {
        "mean": 22.530338287353516,
        "std": 0.0,
        "errors": [
          22.530338287353516
        ],
        "n_valid": 1,
        "vs_oracle": 23.391002322786075
      },
      "pure_nn": {
        "mean": 12.28532886505127,
        "std": 0.0,
        "errors": [
          12.28532886505127
        ],
        "n_valid": 1,
        "vs_oracle": 0.940272164395832
      },
      "apbm": {
        "mean": 25.196348190307617,
        "std": 0.0,
        "errors": [
          25.196348190307617
        ],
        "n_valid": 1,
        "vs_oracle": 1.1660334170437991
      }
    },
    "constant": {
      "pure_pl": {
        "mean": 21.84612274169922,
        "std": 0.0,
        "errors": [
          21.84612274169922
        ],
        "n_valid": 1,