{
  "stage1_rssi": {
    "mae": 4.764868262431089,
    "rmse": 6.382785370904276,
    "r2": 0.6410844034055689
  },
  "stage2_localization": {
    "centralized_error_m": 0.7867625951766968,
    "centralized_position": [
      -6.191324234008789,
      -3.0480926036834717
    ],
    "federated": {
      "fedavg": {
        "loc_err_m": 2.054989814758301,
        "position": [
          -5.496762275695801,
          -1.6923896074295044
        ]
      },
      "fedprox": {
        "loc_err_m": 2.0220048427581787,
        "position": [
          -5.563384056091309,
          -1.6722140312194824
        ]
      },
      "scaffold": {
        "loc_err_m": 2.020685911178589,
        "position": [
          -5.5058979988098145,
          -1.7324873208999634
        ]
      }
    }
  }
}