{
  "stage1_rssi": {
    "mae": 4.764868262431089,
    "rmse": 6.382785370904276,
    "r2": 0.6410844034055689
  },
  "stage2_localization": {
    "centralized_error_m": 0.7867625951766968,
    "centralized_position": [
      -6.191324234008789,
      -3.0480926036834717
    ],
    "federated": {
      "fedavg": {
        "loc_err_m": 1.9533288478851318,
        "position": [
          -5.142416954040527,
          -3.7968363761901855
        ]
      },
      "fedprox": {
        "loc_err_m": 1.9238423109054565,
        "position": [
          -5.106471538543701,
          -3.5790250301361084
        ]
      },
      "scaffold": {
        "loc_err_m": 2.0946948528289795,
        "position": [
          -4.906773567199707,
          -2.7868316173553467
        ]
      }
    }
  }
}