{
  "stage1_rssi": {
    "mae": 4.764868262431089,
    "rmse": 6.382785370904276,
    "r2": 0.6410844034055689
  },
  "stage2_localization": {
    "centralized_error_m": 0.4691495895385742,
    "centralized_position": [
      0.4625122547149658,
      -0.07863682508468628
    ],
    "federated": {
      "fedavg": {
        "loc_err_m": 2.378037929534912,
        "position": [
          2.3668458461761475,
          -0.23044483363628387
        ]
      },
      "fedprox": {
        "loc_err_m": 2.459066152572632,
        "position": [
          2.4489011764526367,
          -0.2233598232269287
        ]
      },
      "scaffold": {
        "loc_err_m": 2.2672247886657715,
        "position": [
          2.2206242084503174,
          0.4573136568069458
        ]
      }
    }
  }
}