{
  "stage1_rssi": {
    "mae": 3.2857797113027267,
    "rmse": 4.604718798682205,
    "r2": 0.9566874209674556
  },
  "stage2_localization": {
    "centralized_error_m": 2.1687562465667725,
    "centralized_position": [
      -0.1596536487340927,
      -3.7964248657226562
    ],
    "federated": {
      "fedavg": {
        "loc_err_m": 1.4110387563705444,
        "position": [
          -0.8828089833259583,
          -3.5255634784698486
        ]
      },
      "fedprox": {
        "loc_err_m": 1.4379911422729492,
        "position": [
          -0.9583892226219177,
          -3.668017625808716
        ]
      },
      "scaffold": {
        "loc_err_m": 1.8002585172653198,
        "position": [
          -0.26365822553634644,
          -2.9704010486602783
        ]
      }
    }
  }
}