{
  "stage1_rssi": {
    "mae": 3.2857797113027267,
    "rmse": 4.604718798682205,
    "r2": 0.9566874209674556
  },
  "stage2_localization": {
    "centralized_error_m": 1.962524175643921,
    "centralized_position": [
      -0.16009417176246643,
      -3.266364336013794
    ],
    "federated": {
      "fedavg": {
        "loc_err_m": 1.8073701858520508,
        "position": [
          -0.4050249755382538,
          -3.4830822944641113
        ]
      },
      "fedprox": {
        "loc_err_m": 1.9526116847991943,
        "position": [
          -0.6885617971420288,
          -4.131223201751709
        ]
      },
      "scaffold": {
        "loc_err_m": 3.636594533920288,
        "position": [
          -1.3299756050109863,
          -6.294345855712891
        ]
      }
    }
  }
}