{
  "stage1_rssi": {
    "mae": 3.2857797113027267,
    "rmse": 4.604718798682205,
    "r2": 0.9566874209674556
  },
  "stage2_localization": {
    "centralized_error_m": 1.962524175643921,
    "centralized_position": [
      -0.16009417176246643,
      -3.266364336013794
    ],
    "federated": {
      "fedavg": {
        "loc_err_m": 1.823718786239624,
        "position": [
          -0.4475312829017639,
          -3.604163885116577
        ]
      },
      "fedprox": {
        "loc_err_m": 1.8512346744537354,
        "position": [
          -0.45463472604751587,
          -3.672266960144043
        ]
      },
      "scaffold": {
        "loc_err_m": 1.9320849180221558,
        "position": [
          -0.11593126505613327,
          -2.7644476890563965
        ]
      }
    }
  }
}