{
  "stage1_rssi": {
    "mae": 3.3845788291389356,
    "rmse": 4.534932286552651,
    "r2": 0.9579903144944537
  },
  "stage2_localization": {
    "centralized_error_m": 3.2697484493255615,
    "centralized_position": [
      -0.7386980652809143,
      -2.521937370300293
    ],
    "federated": {
      "fedavg": {
        "loc_err_m": 4.018525123596191,
        "position": [
          -0.005898884031921625,
          -3.154475450515747
        ]
      },
      "fedprox": {
        "loc_err_m": 3.8805317878723145,
        "position": [
          -0.13395394384860992,
          -3.041985273361206
        ]
      },
      "scaffold": {
        "loc_err_m": 4.543193817138672,
        "position": [
          0.29369035363197327,
          -1.2498173713684082
        ]
      }
    }
  }
}