{
  "stage1_rssi": {
    "mae": 3.3845788291389356,
    "rmse": 4.534932286552651,
    "r2": 0.9579903144944537
  },
  "stage2_localization": {
    "centralized_error_m": 2.0089499950408936,
    "centralized_position": [
      -1.9952342510223389,
      -2.825763463973999
    ],
    "federated": {
      "fedavg": {
        "loc_err_m": 1.9946510791778564,
        "position": [
          -2.015446186065674,
          -2.910304069519043
        ]
      },
      "fedprox": {
        "loc_err_m": 2.0284621715545654,
        "position": [
          -1.9822123050689697,
          -2.9181137084960938
        ]
      },
      "scaffold": {
        "loc_err_m": 1.9322943687438965,
        "position": [
          -2.06988787651062,
          -2.7642433643341064
        ]
      }
    }
  }
}