{
  "oracle": {
    "pure_pl": {
      "mean": 0.1194714829325676,
      "std": 0.0,
      "errors": [
        0.1194714829325676
      ],
      "n_valid": 1,
      "vs_oracle": 1.0
    },
    "pure_nn": {
      "mean": 1.4104453325271606,
      "std": 0.0,
      "errors": [
        1.4104453325271606
      ],
      "n_valid": 1,
      "vs_oracle": 1.0
    },
    "apbm": {
      "mean": 3.2212436199188232,
      "std": 0.0,
      "errors": [
        3.2212436199188232
      ],
      "n_valid": 1,
      "vs_oracle": 1.0
    }
  },
  "predicted": {
    "pure_pl": {
      "mean": 1.1676719188690186,
      "std": 0.0,
      "errors": [
        1.1676719188690186
      ],
      "n_valid": 1,
      "vs_oracle": 9.773645477624807
    },
    "pure_nn": {
      "mean": 1.410507321357727,
      "std": 0.0,
      "errors": [
        1.410507321357727
      ],
      "n_valid": 1,
      "vs_oracle": 1.000043949828566
    },
    "apbm": {
      "mean": 11.407306671142578,
      "std": 0.0,
      "errors": [
        11.407306671142578
      ],
      "n_valid": 1,
      "vs_oracle": 3.541274121772276
    }
  },
  "noisy_2dB": {
    "pure_pl": {
      "mean": 0.3276755213737488,
      "std": 0.0,
      "errors": [
        0.3276755213737488
      ],
      "n_valid": 1,
      "vs_oracle": 2.742709082791717
    },
    "pure_nn": {
      "mean": 1.4097974300384521,
      "std": 0.0,
      "errors": [
        1.4097974300384521
      ],
      "n_valid": 1,
      "vs_oracle": 0.9995406397725833
    },
    "apbm": {
      "mean": 6.829863548278809,
      "std": 0.0,
      "errors": [
        6.829863548278809
      ],
      "n_valid": 1,
      "vs_oracle": 2.1202567561316346
    }
  },
  "noisy_5dB": {
    "pure_pl": {
      "mean": 0.34766292572021484,
      "std": 0.0,
      "errors": [
        0.34766292572021484
      ],
      "n_valid": 1,
      "vs_oracle": 2.9100076201150333
    },
    "pure_nn": {
      "mean": 1.4123748540878296,
      "std": 0.0,
      "errors": [
        1.4123748540878296
      ],
      "n_valid": 1,
      "vs_oracle": 1.0013680229330206
    },
    "apbm": {
      "mean": 7.5675787925720215,
      "std": 0.0,
      "errors": [
        7.5675787925720215
      ],
      "n_valid": 1,
      "vs_oracle": 2.3492724194398957
    }
  },
  "noisy_10dB": {
    "pure_pl": {
      "mean": 0.3534806966781616,
      "std": 0.0,
      "errors": [
        0.3534806966781616
      ],
      "n_valid": 1,
      "vs_oracle": 2.9587035165343525
    },
    "pure_nn": {
      "mean": 1.4142699241638184,
      "std": 0.0,
      "errors": [
        1.4142699241638184
      ],
      "n_valid": 1,
      "vs_oracle": 1.0027116199036266
    },
    "apbm": {
      "mean": 6.905665397644043,
      "std": 0.0,
      "errors": [
        6.905665397644043
      ],
      "n_valid": 1,
      "vs_oracle": 2.1437886147270255
    }
  },
  "shuffled": {
    "pure_pl": {
      "mean": 13.287639617919922,
      "std": 0.0,
      "errors": [
        13.287639617919922
      ],
      "n_valid": 1,
      "vs_oracle": 111.22017816937759
    },
    "pure_nn": {
      "mean": 1.4109855890274048,
      "std": 0.0,
      "errors": [
        1.4109855890274048
      ],
      "n_valid": 1,
      "vs_oracle": 1.0003830396597337
    },
    "apbm": {
      "mean": 11.097521781921387,
      "std": 0.0,
      "errors": [
        11.097521781921387
      ],
      "n_valid": 1,
      "vs_oracle": 3.445104776707652
    }
  },
  "constant": {
    "pure_pl": {
      "mean": 18.888507843017578,
      "std": 0.0,
      "errors": [
        18.888507843017578
      ],
      "n_valid": 1,
      "vs_oracle": 158.10055570900278
    },
    "pure_nn": {
      "mean": 1.410325527191162,
      "std": 0.0,
      "errors": [
        1.410325527191162
      ],
      "n_valid": 1,
      "vs_oracle": 0.9999150585044059
    },
    "apbm": {
      "mean": 19.876140594482422,
      "std": 0.0,
      "errors": [
        19.876140594482422
      ],
      "n_valid": 1,
      "vs_oracle": 6.17033138120218
    }
  },
  "_metadata": {
    "model_types": [
      "pure_pl",
      "pure_nn",
      "apbm"
    ],
    "n_trials": 1,
    "environment": "lab_wired",
    "gamma_est": 2.231809820482629,
    "P0_est": -27.421035332300946,
    "r2": 0.8853215075813128,
    "theta_true": [
      -0.10791045427322388,
      1.0241053104400635
    ],
    "theta_init": [
      -1.5312979221343994,
      1.1125240325927734
    ],
    "n_samples": 839,
    "conditions": [
      "oracle",
      "predicted",
      "noisy_2dB",
      "noisy_5dB",
      "noisy_10dB",
      "shuffled",
      "constant"
    ]
  }
}