{
  "stage1_rssi": {
    "mae": 2.7548932088452807,
    "rmse": 3.7518657462695173,
    "r2": 0.9813168039155962
  },
  "stage2_localization": {
    "centralized_error_m": 0.9050817489624023,
    "centralized_position": [
      -1.377648115158081,
      -2.3377115726470947
    ],
    "federated": {
      "fedavg": {
        "loc_err_m": 2.44315505027771,
        "position": [
          -0.29917004704475403,
          -5.143502712249756
        ]
      },
      "fedprox": {
        "loc_err_m": 2.4825756549835205,
        "position": [
          -0.3178093135356903,
          -5.184991836547852
        ]
      },
      "scaffold": {
        "loc_err_m": 2.683269739151001,
        "position": [
          -0.46465951204299927,
          -5.395482063293457
        ]
      }
    }
  }
}