{
  "stage1_rssi": {
    "mae": 3.2857797113027267,
    "rmse": 4.604718798682205,
    "r2": 0.9566874209674556
  },
  "stage2_localization": {
    "centralized_error_m": 2.1362977027893066,
    "centralized_position": [
      -0.15813466906547546,
      -3.7259366512298584
    ],
    "federated": {
      "fedavg": {
        "loc_err_m": 2.27622389793396,
        "position": [
          0.1886054277420044,
          -3.153722047805786
        ]
      },
      "fedprox": {
        "loc_err_m": 2.3654701709747314,
        "position": [
          0.2833762764930725,
          -3.131213426589966
        ]
      },
      "scaffold": {
        "loc_err_m": 2.31665301322937,
        "position": [
          0.24623672664165497,
          -3.0529348850250244
        ]
      }
    }
  }
}